ReconcileExternalPageLines,DebitAmount,((0))
ReconcileExternalPageLines,Creditamount,((0))
ReconcileExternalPageLines,Id,('')
ReconcileExternalPageLines,InReconcileProgress,((0))
ReconcileExternalPageLines,InProgressExternalReconcile,((0))
Translations,UpdateDateGMT,('1900-01-01T00:00:00.000')
PhysicalChecks,NoEscortRequired,((0))
TransportModes,AutomaticLastUpdateDate,(getdate())
CustomerOpenFilesAmounts,Tenant,((0))
TenantAdditionalDatas,Tenant,((0))
DocumentsFilings,BackedupExternally,((0))
DocumentsFilings,IsSharedOut,((0))
DocumentsFilings,IsDigitallySigned,((0))
DocumentsFilings,IsDeleted,((0))
DocumentsFilings,IsSharedWithCustomer,((0))
DocumentsFilings,IsSharedWithForwarder,((0))
DocumentsFilings,IsRequested,((0))
DocumentsFilings,IsSharedIn,((0))
DocumentsFilings,CancellSignRequest,((0))
DocumentsFilings,IsDigitalSignRequired,((0))
DocumentsFilings,LastVersion,((0))
Automations,Version,((0))
Automations,Order,((0))
Automations,IsAutomationDone,((0))
Journals,IsLedgerCreated,((0))
ContactPositions,InActive,((0))
Contacts,SharedMobileAppAlertsforFollowedShipment,((0))
Contacts,DontShowLocalLabels,((0))
Contacts,BirthdayReminder,((0))
Contacts,SharedMobileAppAlertonExceptions,((0))
Contacts,UserType,('R')
Contacts,AnniversaryReminder,((0))
Contacts,IsSendNotificationForMobile,((0))
Contacts,DisplayGettingStarted,((0))
Contacts,AutomaticLastUpdateDate,(getdate())
ShipmentComputedFields,IsDepositionRequired,((0))
ShipmentComputedFields,AutomaticLastUpdateDate,(getdate())
ShipmentComputedFields,NumberOfHouses,((0))
ShipmentComputedFields,ContainsDangerousGoods,((0))
ShipmentComputedFields,IsDigitalSignRequired,((0))
ShipmentComputedFields,MissingDocumentsCount,((0))
ShipmentComputedFields,IsRequestedDocuments,((0))
ShipmentComputedFields,RequestedDocumentsCount,((0))
ShipmentComputedFields,LastDocumentDateTime,('1900-01-01T00:00:00.000')
ShipmentComputedFields,IsMissingDocuments,((0))
ContactsUnseenEntities,CreateDate,('1900-01-01T00:00:00.000')
LeadSources,InActive,((0))
ShipmentCustomerTypes,ShowInLOV,((0))
SupplierInvoiceItemVehicleAdds,Tenant,((0))
UserLoginLogs,ComputerId,(' ')
AWBDescriptionOfGoods,IsTemperatureSensitive,((0))
LedgerTransactions,IsExternalReconcile,((0))
LedgerTransactions,IsReconciled,((0))
LedgerTransactions,InProgressExternalReconcile,((0))
LedgerTransactions,InReconcileProgress,((0))
Queries,SharedWithSpecificUsers,((0))
Queries,SharedWithAll,((0))
Queries,Agent,((0))
Queries,IsNewFromTenantZeroOnly,('false')
Queries,IsHiddenFromView,('false')
Queries,Customer,((0))
Queries,Internal,((0))
Queries,SpotlightModeActivated,((0))
ShipmentLevels,AutomaticLastUpdateDate,(getdate())
SharedLogisticsSettings,IsShipperShared,((0))
SharedLogisticsSettings,IsConsigneeShared,((0))
SharedLogisticsSettings,IsReleasingAgentShared,((0))
SharedLogisticsSettings,IsIssuingCarrierAgentShared,((0))
SharedLogisticsSettings,IsCustomsAgentExportShared,((0))
SharedLogisticsSettings,IsCustomsAgentImportShared,((0))
SharedLogisticsSettings,IsCustomClearancePoinShared,((0))
SharedLogisticsSettings,IsConsolidatorShared,((0))
SharedLogisticsSettings,IsShowAmountLocalCurrency,((0))
DWHSettings,IsParentTenant,((0))
DWHSettings,AutomaticLastUpdateDate,(getdate())
DocumentTypeMetaDatas,Mandatory,((0))
ShipmentMasterDatas,AutomaticLastUpdateDate,(getdate())
ShipmentMasterDatas,ProrateReceivables,((0))
ShipmentMasterDatas,IsKnownCargo,((0))
ShipmentMasterDatas,AWBPrintingRANumberEdited,((0))
ShipmentMasterDatas,AWBPrintingSecurityStatusEdited,((0))
ShipmentMasterDatas,AdditionalHandlingInfoEdited,((0))
ShipmentMasterDatas,StatusWeight,((0))
CustomerDepositions,CreateDate,('1900-01-01T00:00:00.000')
DocumentTypes,OrderBy,((0))
DocumentTypes,IsAgentSharedInHouse,((0))
DocumentTypes,IsAgentSharedInMaster,((0))
DocumentTypes,IsAgentSharedInDirect,((0))
DocumentTypes,DocumentTypeCategoryCode,('')
DocumentTypes,IsDocumentOneTimePrintLimited,('false')
DocumentTypes,IsReadOnly,((0))
DocumentTypes,IsEnabledForCustomers,((0))
DocumentTypes,IsCopiedAtSignup,((0))
DocumentTypes,IsAgentView,((0))
DocumentTypes,IsCustomerView,((0))
DocumentTypes,IsSystemAdditionalPrintingFields,((0))
DocumentTypes,IsInlandDigitalSignRequired,((0))
DocumentTypes,IsOceanDigitalSignRequired,((0))
DocumentTypes,IsAirDigitalSignRequired,((0))
Users,IsTwoFactorAuthenticationEnabled,((0))
Users,ShowLogBoxToolTip,((0))
Users,ShowInboxToolTip,((0))
Users,AdditionalPackagesOnly,((0))
Users,ShowLocalNameInLOV,((0))
Users,IsBranchRestricted,((0))
Users,IsProductRestricted,('false')
Users,BusinessUnitId,('0')
Users,IsDistributor,('false')
Users,SetAngularAsDefault,((0))
Users,IsShowContactDetailsInTheMobileApp,((0))
Users,IsSalesman,((0))
Users,IsFreelancer,('false')
Users,AutomaticLastUpdateDate,(getdate())
Users,LicencedUser,('false')
ConversationHeaderParticipants,IsDelete,('false')
FTPDetails,UseSFTP,((0))
AccountingSettings,EnableNegativeOffsetARPayments,((0))
AccountingSettings,EnableNegativeOffsetAPPayments,((0))
AccountingSettings,EnableMultiCurrencyAPPayments,((0))
AccountingSettings,IsARPaymentsTransferEnabled,((0))
AccountingSettings,IsSingleTaxPerInvoice,((0))
AccountingSettings,EnableMultiRateAPInvoices,((0))
AccountingSettings,EnableInvoiceStocksManagement,((0))
AccountingSettings,AllowPositiveAmountsInTheCreditNote,('false')
AccountingSettings,AllowClosureWithoutPayables,('false')
AccountingSettings,AllowMinusInvoicelines,((0))
AccountingSettings,IsARPaymentChronologicalDates,((0))
AccountingSettings,IsAPInvoicesTransferEnabled,('false')
AccountingSettings,IsARInvoicesTransferEnabled,('false')
AccountingSettings,EnableMultiCurrencyARPayments,((0))
AccountingSettings,NotifyPastDateOnInvoiceEdit,((0))
AccountingSettings,EnableMultiPercentageVATTypes,((0))
AccountingSettings,IsAPPaymentsTransferEnabled,((0))
AccountingSettings,TransferToDropboxActivated,((0))
AccountingSettings,QBOOAuth,((0))
ExternalReconciliationLines,Tenant,((0))
MAWBStacks,IsUsed,('0')
DocumentTypeTemplates,TemplateFooterHeight,((0))
DocumentTypeTemplates,TemplateHeaderHeight,((0))
DocumentTypeTemplates,IsCopiedAtSignup,((0))
DocumentTypeTemplates,IsEnabledForCustomers,((0))
AccountingSystems,IsSingleTaxPerInvoice,('false')
AccountingSystems,IsJournalMode,('false')
AccountingSystems,AllowAPInvoicesTransfer,('false')
AccountingSystems,IsExternalCodesSyncEnabled,((0))
AccountingSystems,IsTaxItemManaged,('false')
AccountingSystems,ShowDownloadScreen,('false')
AccountingSystems,InActive,((0))
AccountingSystems,AllowPositiveAmountsInTheCreditNote,('false')
AccountingSystems,AllowARInvoicesTransfer,('false')
AccountingSystems,AllowMinusInvoiceLines,('false')
AccountingSystems,IsSingleCurrencyAccount,('false')
AccountingSystems,IsExternalCodesFromTable,((0))
AccountingSystems,AllowManuallyDueDate,('false')
AccountingSystems,AllowARPaymentsTransfer,((0))
AccountingSystems,CanTransferToDropbox,((0))
AccountingSystems,AllowAPPaymentsTransfer,((0))
AccountingSystems,IsExternalCodesFromAPI,((0))
ExternalReconciliations,IsCancelled,((0))
Correspondences,NotifyOwner,((0))
Correspondences,NotifyMe,((0))
Correspondences,InternalUsers,('')
Correspondences,RightToLeft,((0))
ShipmentPackages,HasContainerException,((0))
ShipmentPackages,IsDeliveryFU,((0))
ShipmentPackages,IsEmptyContainerReturnFU,((0))
ShipmentPackages,NonActiveContainer,((0))
ShipmentPackages,IsMultiHarmonize,((0))
ShipmentPackages,MarinePollutant,((0))
ShipmentPackages,NumberOfInsidePackages,((0))
AWBSpecialHandlingCodes,InActive,((0))
AWBSpecialHandlingCodes,Id,('')
AWBSpecialHandlingCodes,IsIATA,((0))
QuestionnaireAnswers,VersionNumber,((0))
ShipmentAdditionalCloudDatas,DocsSentToAgent,((0))
ShipmentAdditionalCloudDatas,SendUpdatesToAgentEnabled,((0))
ShipmentAdditionalCloudDatas,IsPaymentRequired,((0))
ShipmentAdditionalCloudDatas,IsUserIDNumberRequired,((0))
AccountingSystemsSettings,UpdateOnNextRequest,('false')
SharedLogisticsContactLastLogins,Via,('')
VatMandatoryType,ViewOrder,((0))
Questionnaires,VersionNumber,((0))
Questionnaires,InActive,('false')
EmailProviders,SupportsEmailDelivery,((0))
AgentSharedManifests,DirectionId,('')
AgentSharedManifests,TransportModeId,('')
AgentSharedManifests,CancelledBySenderAgent,((0))
VatTypes,IsMultiPercentage,((0))
ShipmentPayables,TariffVersion,((0))
ShipmentPayables,IsChargeBySteps,((0))
ShipmentPayables,Id,((0))
ShipmentPayables,IsBackToBack,((0))
EmployeeGroupLines,IsDefaultOwner,((0))
Ayman_GlobalContacts,IsUser,((0))
Ayman_GlobalContacts,InternetAccess,((0))
Ayman_GlobalContacts,InActive,((0))
AccountingTransferLines,Tenant,((0))
MenuButtons,Width,('0')
InterestReportLinesByDates,LineNumber,((0))
VatUniqueType,ViewOrder,((0))
OccasionInvitees,Participated,((0))
OccasionInvitees,Invited,((0))
Countries,IsNorthAmerica,((0))
Countries,AutomaticLastUpdateDate,(getdate())
Countries,HasStates,((0))
Countries,IsStateRequired,((0))
Countries,HasCitiesList,('false')
ShipmentPickUpDeliveryPackages,IsMultiHarmonize,((0))
EntityChanges,ExecutionTime,((0))
Vessels,AutomaticLastUpdateDate,(getdate())
QuoteCharges,IsChargeBySteps,((0))
BankDeposits,AccountingDate,('1900-01-01T00:00:00.000')
BankDeposits,IsCanceled,((0))
Activities,BusinessUnitId,('0')
Activities,IsOpen,((0))
Activities,NeedSynchronization,((0))
Activities,IsLeftVoiceMail,((0))
Activities,DueDateOffset,((0))
Activities,DescriptionRightToLeft,((0))
Activities,MeetingSummaryRightToLeft,((0))
MoveTypes,AutomaticLastUpdateDate,(getdate())
TariffSurchargesUpdates,Version,((0))
Occasions,InvitedContacts,((0))
Occasions,ParticipatedContacts,((0))
Occasions,ParticipatedCustomers,((0))
Occasions,InvitedCustomers,((0))
ShipmentReceivables,IsChargeBySteps,((0))
ShipmentReceivables,IsBackToBack,((0))
ShipmentReceivables,IsExpense,((0))
BlobFiles,IsCompressed,((0))
Warehouses,MyWarehouse,((0))
CreditCardTypes,InActive,((0))
QuoteCustomerTypes,ShowInLOV,((0))
ObjectFieldModifications,UpdateDateGMT,('1900-01-01T00:00:00.000')
Shipments,IncludesCustoms,((0))
Shipments,IsNewARInvoiceBlocked,((0))
Shipments,HasContainerException,((0))
Shipments,IsManifestSentToAgent,((0))
Shipments,CreditNoteIssued,('false')
Shipments,AsAgreedFreight,((0))
Shipments,IsMultipleCommodities,('false')
Shipments,NoFreightFile,((0))
Shipments,AsAgreedOtherCharges,((0))
Shipments,HasException,((0))
Shipments,NumberOfInsidePackages,((0))
Shipments,CustomConnectToShipment,((0))
Shipments,ARInvoiceIssued,('false')
Shipments,ViaColoader,((0))
Shipments,AWBPrint,((0))
Shipments,StatusWeight,((0))
Shipments,IsFSRSent,((0))
Shipments,INTTRADocumentQTY,((0))
Shipments,SIHasAttachList,((0))
Shipments,ShipmentContainerReturnIndex,((0))
Shipments,IsAssembly,((0))
Shipments,INTTRAIsFreighted,((0))
Shipments,SplitOnCarriage,((0))
Shipments,FBLIsFromStock,((0))
Shipments,OrderChargeableWeightEdited,((0))
Shipments,AutomaticLastUpdateDate,(getdate())
Shipments,OrderGrossWeightEdited,((0))
SATPaymentMethods,LocalName,('')
ObjectFields,EnableFullscreenTextBox,((0))
ObjectFields,DependencyFilter3IsList,((0))
ObjectFields,DisplayOnLookUpLocal,((0))
ObjectFields,Code,('')
ObjectFields,DisplayInAutomationAsEnitity,((0))
ObjectFields,CopyToDW,((0))
ObjectFields,AllowedInCustomerFieldsSettings,((0))
ObjectFields,AutomationEmailRecipient,((0))
ObjectFields,CanAutomateSetValue,((0))
ObjectFields,DependencyFilter2IsList,('false')
ObjectFields,NumberOfDigits,((0))
ObjectFields,IsMaxLength,('false')
ObjectFields,AutomaticLastUpdateDate,(getdate())
ObjectFields,HasTemplate,((0))
ObjectFields,AllowedInAirlineMessaging,((0))
ObjectFields,DisplayLongName,((0))
ObjectFields,AllowedinAutomationConditions,((0))
ObjectFields,DependencyFilter1IsList,('false')
Currencies,AutomaticLastUpdateDate,(getdate())
EntityStatus,AutomaticLastUpdateDate,(getdate())
EntityStatus,DisplayName,('')
ShipmentTypes,AutomaticLastUpdateDate,(getdate())
BookingAnswers,BookingSpaceAllocationCode,('')
Sprints,IsCompleted,((0))
ShippingLines,INTTRAUpdatesShipment,((0))
ShippingLines,IsINTTRARegistered,((0))
Quotes,IsChargesByVAT,((0))
Quotes,TotalPerContainer,((0))
Quotes,IsQuoteDocumentExternal,((0))
Quotes,IsQuoteDataExternal,((0))
Quotes,AcceptedDate,('1900-01-01T00:00:00.000')
Quotes,LastVersionNumber,((0))
Quotes,IsSaleCurrencySameAsCost,((0))
Quotes,GrossWeightEdited,((0))
Quotes,ChargeableWeightEdited,((0))
Quotes,BusinessUnitId,('0')
Quotes,IncludePickUp,((0))
Quotes,DeclinedDate,('1900-01-01T00:00:00.000')
Quotes,SentDate,('1900-01-01T00:00:00.000')
Quotes,IsAutomaticallyClosed,('false')
Quotes,IncludeDelivery,((0))
Quotes,IsSubjectEdited,('false')
TMBudgets,Inactive,((0))
CustomerActualDataHistory,HasException,((0))
ObjectTableLastUpdates,ObjectTableId,('')
EventTypes,IsAgentView,((0))
EventTypes,IsCustomerView,((0))
EventTypes,IsSharedLogisticsEnabled,((0))
EventTypes,AllowedInAutomation,((0))
EventTypes,StatusWeight,((0))
CustomerAdditionalServices,AdditionalServiceId,('')
CustomerAdditionalServices,Potential,('false')
CustomerAdditionalServices,NotesRightToLeft,((0))
QuoteStages,InActive,((0))
SLAHeaders,Inactive,((0))
TaxReportStatuses,Inactive,((0))
ObjectTableRules,AdvancedCondition,('true')
ObjectTableRules,Internal,('False')
AccountingIntegrityChecks,ShouldFix,((0))
AccountingIntegrityChecks,HasException,((0))
SLALines,FirstResponseEscalate,((0))
SLALines,ResolveWithinEscalate,((0))
Bookings,HasResponse,((0))
Bookings,HasErrors,((0))
Bookings,WaitingForResponse,((0))
Bookings,IsTemperatureSensitive,((0))
Bookings,IsCancelled,((0))
Addresses,AutomaticLastUpdateDate,(getdate())
ReportsTemplatesVersions,IsRestored,((0))
ObjectTables,IsSaveButtonVisible,('true')
ObjectTables,MaxNumberOfCustomFields,((0))
ObjectTables,IsComposition,((0))
ObjectTables,HasDynamicHeader,('false')
ObjectTables,EnableSecurity,((0))
ObjectTables,HasCustomValidator,((0))
ObjectTables,AllowCustomFields,((0))
ObjectTables,HasMenuButtons,((0))
ObjectTables,IsTabsHidden,((0))
ObjectTables,HasHelper,((0))
ObjectTables,HasFiltersMenu,((0))
ObjectTables,HasShortTitle,((0))
ObjectTables,HasCustomFilter,((0))
ObjectTables,IsEditable,((0))
ObjectTables,IsLookUp,('false')
ObjectTables,HasDocuments,('false')
ObjectTables,AllowedInQueues,((0))
ObjectTables,AllowedForComputingPartners,((0))
ObjectTables,DisableSearchBox,((0))
QuoteTemplates,IsEnabledForCustomers,((0))
QuoteTemplates,IsCopiedAtSignup,((0))
QuoteTemplates,InActive,((0))
SpecialServicesTypes,AutomaticLastUpdateDate,(getdate())
SpecialServicesTypes,InActive,((0))
Agents,BlockNewInvoiceCreation,((0))
Agents,BlockNewShipmentCreation,((0))
Agents,IsCreditLimitEnabled,((0))
Stages,InActive,((0))
Stages,IsSelectable,((0))
Branches,AutomaticLastUpdateDate,(getdate())
QuoteTemplateSections,IsCancel,('false')
QuoteTemplateSections,Name,('')
AirlineMessagingRules,AirlineId,('')
AirlineMessagingRules,InActive,((0))
Features,IsBusinessUnitEnabled,('false')
Features,IsOld,('true')
Features,IsCoreFeature,((0))
Features,Packagable,((0))
TMOfficeHours,Inactive,((0))
States,AutomaticLastUpdateDate,(getdate())
Airlines,GLSHKRegistrationRequested,((0))
Airlines,IsManagingProduct,((0))
Airlines,IsDescriptionOfGoodsFromList,((0))
Airlines,GLSHKFFRFFA,((0))
Airlines,HasAdaptations,((0))
Airlines,IsGLSHKRegistered,((0))
Airlines,IsDeclined,((0))
Airlines,ChampFFRFFA,((0))
Airlines,IsChampRegistered,((0))
Airlines,GLSHKFWB,((0))
Airlines,GLSHKFSRFSA,((0))
Airlines,GLSHKFHL,((0))
Airlines,IsProductMandatory,((0))
Airlines,GLSHKFSU,((0))
Airlines,GLSHKNeedsRegistration,((0))
Airlines,GLSHKFVRFVA,((0))
Airlines,NoAvailabilityInFVAMessages,((0))
Airlines,ChampNeedsRegistration,((0))
Airlines,ChampRegistrationRequested,((0))
Airlines,IsAllowedInAirlinesRestriction,('false')
Airlines,ChampFHL,((0))
Airlines,ChampFVRFVA,((0))
Airlines,ChampFSU,((0))
Airlines,ChampFSRFSA,((0))
Airlines,LimitedLength,((1))
Airlines,ChampFWB,((0))
OceanInsightsRequests,FromPushPage,((0))
OceanInsightsRequests,Type,('')
OceanInsightsRequests,BLNumber,('')
CustomsInterfaceSettings,Tenant,((0))
CustomsInterfaceSettings,ActivateCustomsManagementInShipments,((0))
QuoteTemplateSettings,ShowPageBreakBeforeTotalPerContainersTable,((0))
QuoteTemplateSettings,ShowTitleTotalPerContainersTable,((0))
QuoteTemplateSettings,ShowDetailsDescriptionOfGoods,('false')
QuoteTemplateSettings,ShowChargeDescriptionContainers,((0))
QuoteTemplateSettings,DetailsTableColumn1ValueWidth,((0.0))
QuoteTemplateSettings,ShowDetailsCustomerReferences,('false')
QuoteTemplateSettings,ShowDetailsCarrier,('false')
QuoteTemplateSettings,ShowDetailsConsigneeAddress,('false')
QuoteTemplateSettings,ShowTotalPerChargeGroupContainers,((0))
QuoteTemplateSettings,ShowSaleMaxMinAmountContainers,((0))
QuoteTemplateSettings,ShowDetailsCustomerName,('false')
QuoteTemplateSettings,PageFooterArea2Height,((0))
QuoteTemplateSettings,ShowDetailsService,('false')
QuoteTemplateSettings,ShowTotalPerChargeGroupPackages,((0))
QuoteTemplateSettings,ShowSaleMaxMinAmountPackages,((0))
QuoteTemplateSettings,ShowDetailsExpirationDays,('false')
QuoteTemplateSettings,ShowCodeChargeSaleMinMaxPackages,('false')
QuoteTemplateSettings,PageHeaderImage3Width,((0))
QuoteTemplateSettings,ShowHeaderQuoteDate,('false')
QuoteTemplateSettings,QuoteTemplatePDFMarginBottom,((0))
QuoteTemplateSettings,QuoteTemplatePDFMarginTop,((0))
QuoteTemplateSettings,SpaceLinesBeforePackages,((0))
QuoteTemplateSettings,ShowTotalInSaleCurrencyContainers,('false')
QuoteTemplateSettings,SpaceLinesBeforeQuoteHeaders,((0))
QuoteTemplateSettings,ShowDetailsDeliveryTo,('false')
QuoteTemplateSettings,PageFooterArea3Height,((0))
QuoteTemplateSettings,QuoteTemplatePDFMarginRight,((0))
QuoteTemplateSettings,SpaceLinesBeforeContainers,((0))
QuoteTemplateSettings,PageFooterBorderThickness,((0))
QuoteTemplateSettings,SpaceLinesBeforeQuoteDetails,((0))
QuoteTemplateSettings,ShowDetailsConsigneeContact,('false')
QuoteTemplateSettings,SpaceLinesBeforeHeaders,((0))
QuoteTemplateSettings,PageHeaderImage2Width,((0))
QuoteTemplateSettings,ShowIncludedChargesPerContainers,((0))
QuoteTemplateSettings,SpaceLinesBeforeFooters,((0))
QuoteTemplateSettings,ShowHeaderExpirationDate,('false')
QuoteTemplateSettings,ShowIncludedChargesPackages,((0))
QuoteTemplateSettings,SpaceLinesBeforePerContainers,((0))
QuoteTemplateSettings,ShowHeaderCustomer,('false')
QuoteTemplateSettings,PageHeaderArea3Height,((0))
QuoteTemplateSettings,ShowIncludedChargesContainers,((0))
QuoteTemplateSettings,PageHeaderBorderThickness,((0))
QuoteTemplateSettings,ShowDetailsShipperName,('false')
QuoteTemplateSettings,ShowChargeNoteContainers,((0))
QuoteTemplateSettings,ShowChargeNotePackages,((0))
QuoteTemplateSettings,ShowTitlePricingContainsers,('false')
QuoteTemplateSettings,ShowCodeChargeSaleMinMaxContainers,('false')
QuoteTemplateSettings,ShowDetailsConsigneeName,('false')
QuoteTemplateSettings,ShowDetailsIncoterms,('false')
QuoteTemplateSettings,DetailsTableColumn1LabelWidth,((0.0))
QuoteTemplateSettings,PageFooterImage1Width,((0))
QuoteTemplateSettings,ShowDetailsFromPort,('false')
QuoteTemplateSettings,DetailsTableColumn2LabelWidth,((0.0))
QuoteTemplateSettings,PageHeaderImage1Width,((0))
QuoteTemplateSettings,PageHeaderArea1Height,((0))
QuoteTemplateSettings,PageFooterAreaHeight,((0))
QuoteTemplateSettings,QuoteTemplatePDFMarginLeft,((0))
QuoteTemplateSettings,PageHeaderArea2Height,((0))
QuoteTemplateSettings,ShowDetailsShipperAddress,('false')
QuoteTemplateSettings,ShowDetailsPickupFrom,('false')
QuoteTemplateSettings,ShowHeaderQuoteNumber,('false')
QuoteTemplateSettings,ShowDetailsShipperContact,('false')
QuoteTemplateSettings,ShowDetailsConsigneeReferences,('false')
QuoteTemplateSettings,HeaderTableColumn1LabelWidth,((0.0))
QuoteTemplateSettings,PageFooterImage2Width,((0))
QuoteTemplateSettings,PageFooterArea1Height,((0))
QuoteTemplateSettings,HeaderSectionHasTwoColumns,('false')
QuoteTemplateSettings,HeaderTableColumn1ValueWidth,((0.0))
QuoteTemplateSettings,ShowChargeDescriptionPackages,((0))
QuoteTemplateSettings,ShowDetailsExpirationDate,('false')
QuoteTemplateSettings,ShowPriceByContainerColumn,('false')
QuoteTemplateSettings,ShowDetailsCustomerContact,('false')
QuoteTemplateSettings,HeaderTableColumn2LabelWidth,((0.0))
QuoteTemplateSettings,ShowDetailsSalesMan,('false')
QuoteTemplateSettings,ShowHeaderLabelsContainers,((0))
QuoteTemplateSettings,ShowTitleQuoteDetails,('false')
QuoteTemplateSettings,ShowHeaderLabelsPackages,((0))
QuoteTemplateSettings,ShowTitlePricingPackages,('false')
QuoteTemplateSettings,ShowDetailsDangerousGoods,('false')
QuoteTemplateSettings,PageFooterImage3Width,((0))
QuoteTemplateSettings,ShowDetailsToPort,('false')
QuoteTemplateSettings,PageHeaderAreaHeight,((0))
QuoteTemplateSettings,ShowDetailsShipperReferences,('false')
QuoteTemplateSettings,HeaderTableColumn2ValueWidth,((0.0))
QuoteTemplateSettings,ShowDetailsCustomerAddress,('false')
QuoteTemplateSettings,ShowTotalInSaleCurrencyPackages,('false')
QuoteTemplateSettings,DetailsSectionHasTwoColumns,('false')
QuoteTemplateSettings,DetailsTableColumn2ValueWidth,((0.0))
AirlineStatistics,Direct,((0))
AirlineStatistics,IsCancelled,((0))
Feeds,IsCancelled,((0))
Opportunities,IsCancelled,('false')
Opportunities,BusinessUnitId,('0')
Opportunities,SearchFields,(NULL)
CustomerProducts,NotesRightToLeft,((0))
QuoteTemplateTextCodes,OriginalEnglishName,('')
QuoteTemplateTextCodes,OriginalLocalName,('')
OpportunityAdditionalServices,NotesRightToLeft,((0))
Customers,BlockNewInvoiceCreation,((0))
Customers,BlockNewShipmentCreation,((0))
Customers,AutomaticLastUpdateDate,(getdate())
Customers,StartWorkingManuallySet,((0))
Customers,IsCustomer,('false')
Customers,ActivityWatch,('false')
Customers,LogBoxActivated,((0))
Customers,IsPrivateLabelCustomer,((0))
Customers,IsCreditLimitEnabled,((0))
CardContacts,InternetAccess,((0))
CardContacts,IsInlandImport,('false')
CardContacts,IsCustomsImport,('false')
CardContacts,IsOceanExport,('false')
CardContacts,IsOceanImport,('false')
CardContacts,IsAirImport,('false')
CardContacts,IsAll,('false')
CardContacts,IsAirExport,('false')
CardContacts,IsInlandExport,('false')
CardContacts,IsInlandDomestic,('false')
APInvoiceEntities,IndexOrder,((0))
OpportunityClosingReasons,InActive,((0))
TaxReports,NeedsRebulid,((0))
APInvoiceLines,VatPercentage,((0))
APInvoiceLines,AuthorizedSignatory,((0))
CargoIdentifireTypes,Inactive,((0))
Cards,IsInternationalPartner,((0))
Cards,IsAutonomy,((0))
Cards,AutomaticLastUpdateDate,(getdate())
Cards,IsActiveForMobile,((0))
Cards,EnableConsolidationInvoices,('false')
Cards,IsCustomer,('false')
Ranks,AutomaticLastUpdateDate,(getdate())
CustomerSizes,OrderNumber,((0))
CustomerSizes,AutomaticLastUpdateDate,(getdate())
APInvoices,IsExternalEntity,((0))
APInvoices,TransferTries,((0))
APInvoices,IsMultipleEntities,((0))
APInvoices,IsTransferStarted,('false')
APInvoices,IsGeneralInvoice,((0))
CheckQueueTypes,Inactive,((0))
FlightsSchedulesResponses,MissingPort,((0))
OpportunityProducts,NotesRightToLeft,((0))
TariffVersionAllInCharges,TariffId,('')
CustomerTenantAccessCards,Tenant,((0))
APInvoiceTotalVATs,ProfitCurrencyVATAmount,((0))
APInvoiceTotalVATs,ProfitVatableAmount,((0))
Ratings,IndexOrder,((0))
TariffLines,IsFromAllOtherPorts,((0))
TariffLines,IsToAllOtherPorts,((0))
TariffLines,Index,((0))
TariffLines,HasErrors,((0))
CustomerTenantAccessCardsBatches,TotalShipment,((0))
CustomerTenantAccessCardsBatches,Totalsucceeded,((0))
CustomerTenantAccessCardsBatches,Tenant,((0))
TasksScheduler,Retries,((0))
TasksScheduler,MonthlyDay,((0))
TasksScheduler,AverageRunTime,((0))
TasksScheduler,Version,((0))
TenantLoginPolicies,ExcludeInternalIPs,((0))
TenantLoginPolicies,KeepUserLoggedIn,((0))
FollowUps,DateEscalationTime,((0))
CustomerTenantAccesses,IsPrivateLabelCustomer,((0))
ReconciliationLines,IsAdjustTransaction,((0))
ReconciliationLines,GroupNumber,((0))
Tenants,TenantVATManagement,((0))
Tenants,TenantEmailSendingQuota,((0))
Tenants,IsTestTenant,((0))
Tenants,IsMobileActivated,((0))
Tenants,AccountingActivated,((0))
Tenants,AutomaticLastUpdateDate,(getdate())
Tenants,IsSharedLogisticsActivated,((0))
Tenants,DateTimeFormat,('dd\/MM\/yyyy')
Tenants,ProrateMasterReceivables,((0))
Tenants,IsDataBackupBuilt,('false')
Tenants,SharedLogisticsMessageLink,((0))
Tenants,ExportQuotationsToIntegratedSystem,((0))
Tenants,IsWebAccessActivated,((0))
Tenants,IsCustomerAddress1Required,('false')
Tenants,IsCorrespondenceRightToLeftEnabled,((0))
Tenants,IsCustomerFaxRequired,('false')
Tenants,HasPrimaryContact,('false')
Tenants,IsHybrid,((0))
Tenants,RegulatedAgentRegimeActivated,((0))
Tenants,VatMandatoryForPotentialCustomers,('false')
Tenants,IsPickDelAdrsRequired,('false')
Tenants,IsCustomerTelRequired,('false')
Tenants,AllowAgentInCustomersLOV,((0))
Tenants,AllowEAWBMoreThanTenPackages,((0))
Tenants,IsCustomerTenantShare,((0))
Tenants,IsPotentialFaxRequired,((0))
Tenants,IsPotentialTelRequired,((0))
Tenants,HideFCLAllIn,((0))
Tenants,IsQuoteSubjectEdited,('false')
Tenants,IsNumeric,((0))
Tenants,IsNotesRightToLeftEnabled,((0))
Tenants,ApplyVATForAllPartners,((0))
Tenants,AllowCustomersInAgentsLOV,((0))
Tenants,CustomerTenantShareExportFile,((0))
Tenants,IsInternalTicketByDefault,((0))
APPaymentMethods,Inactive,((0))
APPaymentMethods,AddedManually,((0))
APPaymentMethods,Tenant,((0))
APPaymentMethods,Id,('')
ClaimImporterDeclarsPage3As,Tenant,((0))
TwoFactorAuthenticationDevices,Id,('')
TwoFactorAuthenticationDevices,IsVerified,((0))
Reconciliations,IsCancelled,((0))
TariffVersions,IsDraft,((0))
FullAccountingSettings,IsPaymentChequesActivated,((0))
FullAccountingSettings,VATOutputGLAccountId,('')
TenantSettings,IsDocumentFilingByEmailEnabled,((1))
TenantSettings,DontIncludeDirects,('false')
APPayments,AutomaticPaymentCheque,((0))
APPayments,TaxDeductionPercentage,((0))
APPayments,PaymentMethodId,('')
APPayments,TransferStatusCode,('')
APPayments,DontIncludeInDeductionReport,((0))
Regions,AutomaticLastUpdateDate,(getdate())
Regions,InActive,((0))
Packages,InActive,((0))
ClaimImporterDeclarsPage3s,Tenant,((0))
ReportGroups,OrderNumber,((0))
CustomPickLists,IsMultipleChoice,('false')
CustomPickLists,AutomaticLastUpdateDate,(getdate())
PackageTypes,IsRefrigerated,((0))
PackageTypes,IsVehicle,((0))
TMEmployeeTimes,FullDuration,((0))
TMEmployeeTimes,ProratedDuration,((0))
TMEmployeeTimes,NeedsProrating,((0))
GLAccounts,ExcludeFromDeductionReport,((0))
GLAccounts,ActiveForInterestCreditInvoice,((0))
GLAccounts,InterestCalculationStartDate,('1900-01-01T00:00:00.000')
GLAccounts,ActiveForInterest,((0))
GLAccounts,CreateDate,('1900-01-01T00:00:00.000')
GLAccounts,UpdateDate,('1900-01-01T00:00:00.000')
GLAccounts,IsEquipmentVendor,((0))
GLAccounts,AllowEditChequePayToName,((0))
ChargesGroups,Tenant,((0))
ChargesGroups,Id,('')
ChargesGroups,ViewOrder,((0))
Reports,InActive,((0))
Participants,IsDirect,((0))
ARInvoiceLines,IsBackToBack,((0))
ARInvoiceLines,IsExpense,((0))
ARInvoiceLines,VatPercentage,((0))
ARInvoiceLines,ProfitCurrencyAmount,((0))
ARInvoiceLines,ExchangeRateDate,(NULL)
ChargesTypes,IsCustoms,((0))
ChargesTypes,IsExpense,((0))
ChargesTypes,IsAutoDisplayInCustoms,((0))
ChargesTypes,IsBackToBack,((0))
ChargesTypes,IsImport,((0))
ChargesTypes,AccountingVATSplit,((0))
ChargesTypes,IsExport,((0))
ChargesTypes,IsDrop,((0))
ChargesTypes,IsDomestic,((0))
TMProjects,IsInnerProject,((0))
TMProjects,Inactive,((0))
TMProjects,UpdateDate,('1900-01-01T00:00:00.000')
TMProjects,UpdatedByUserId,('')
TMProjects,CreateDate,('1900-01-01T00:00:00.000')
TMProjects,CreatedByUserId,('')
TMProjects,ProjectNumber,('')
TMProjects,ExcludeFromProrating,((0))
TMProjects,BlockedForDataEntry,((0))
TMProjects,IsProrated,((0))
PartnerTypes,AutomaticLastUpdateDate,(getdate())
AgentTalkBackTypes,Inactive,((0))
ARInvoices,IsFullAccounting,((0))
ARInvoices,IsInvoiceNumberFromStock,((0))
ARInvoices,SATInvoiceStatusCode,('NO')
ARInvoices,IsCustomsChargesOnly,((0))
ARInvoices,SATTransferStatusCode,('NT')
ARInvoices,Intercompany,((0))
ARInvoices,AmountInProfitCurrency,((0))
ARInvoices,ProfitCurrencyExchangeRate,((0))
ARInvoices,TransferTries,((0))
ARInvoices,IsPrinted,((0))
ARInvoices,TransferStatusCode,('NR')
ARInvoices,IsTransferStarted,((0))
ARInvoices,SplitJournalByCurrency,((0))
ARInvoices,IsConstituentInvoice,('false')
ARInvoices,IsConsolidationInvoice,('false')
ARInvoices,IsExternalEntity,((0))
ARInvoices,IsMultiCurrency,((0))
ARInvoices,IsGeneralInvoice,((0))
Departments,AutomaticLastUpdateDate,(getdate())
RoleFeatures,IsDeleted,((0))
PaymentTerms,IsManuallySet,('false')
PaymentTerms,CurrentMonth,((0))
WarehouseEntries,VolumeUnitCode,('')
WarehouseEntries,TotalVolumetricWeight,((0))
WarehouseEntries,ConnectedToShipment,((0))
WarehouseEntries,DimensionsUnitCode,('')
TicketEscalations,UpdateDate,('1900-01-01T00:00:00.000')
TicketEscalations,IsSLAViolated,((0))
ARInvoiceTotalVATs,ProfitVatableAmount,((0))
ARInvoiceTotalVATs,ProfitCurrencyVATAmount,((0))
HybridPartners,PartnerTenant,((0))
HybridPartners,InActive,((0))
HybridPartners,IsMislakaActivated,((0))
HybridPartners,IsExternalPartner,((0))
HybridPartners,AllowSendingDocsToAgent,((0))
HybridPartners,ReceiveAllStatuses,((0))
Roles,IsCustomRole,((0))
Tickets,InternalMode,((0))
Tickets,OpenEscalation,((0))
Tickets,CreatedByContactId,('')
Tickets,Closewithoutnotifying,((0))
Tickets,CreateDate,('1900-01-01T00:00:00.000')
Tickets,FirstResponseTime,('1900-01-01T00:00:00.000')
Tickets,Subject,('')
Tickets,FullResolvedTime,('1900-01-01T00:00:00.000')
Tickets,ResolveWithinDue,('1900-01-01T00:00:00.000')
Tickets,FirstResponseDue,('1900-01-01T00:00:00.000')
Commodities,InActive,((0))
CreditLimitSettings,ShipmentCreationBlock,((0))
CreditLimitSettings,ShippingAgentsInvoicesBlock,((0))
CreditLimitSettings,CustomsAgentsInvoicesBlock,((0))
CreditLimitSettings,AirlinesInvoicesBlock,((0))
CreditLimitSettings,ShipperConsigneeInvoiceBlock,((0))
CreditLimitSettings,AgentsInvoicesBlock,((0))
CreditLimitSettings,VendorsShipmentsBlock,((0))
CreditLimitSettings,WarehousesShipmentsBlock,((0))
CreditLimitSettings,CustomersInvoicesBlock,((0))
CreditLimitSettings,TruckersShipmentsBlock,((0))
CreditLimitSettings,AirlinesShipmentsBlock,((0))
CreditLimitSettings,ShippingLinesShipmentsBlock,((0))
CreditLimitSettings,WarehousesInvoicesBlock,((0))
CreditLimitSettings,TruckersInvoicesBlock,((0))
CreditLimitSettings,ShippingLinesInvoicesBlock,((0))
CreditLimitSettings,VendorsInvoicesBlock,((0))
CreditLimitSettings,ShipperConsigneeShipmentBlock,((0))
CreditLimitSettings,AgentsShipmentsBlock,((0))
CreditLimitSettings,CustomsAgentsShipmentsBlock,((0))
CreditLimitSettings,CustomersShipmentsBlock,((0))
CreditLimitSettings,ShippingAgentsShipmentsBlock,((0))
WarehouseEntryPackages,Instock,((0))
WarehouseEntryPackages,IsContainer,((0))
WarehouseEntryPackages,IsConnectedToShipment,((0))
Directions,AutomaticLastUpdateDate,(getdate())
SchedulerProcedure,IsInternallyDefined,((0))
CommunicationLogs,LastStatusDate,(getdate())
CommunicationLogs,Priority,((0))
CommunicationLogs,IsSecured,((0))
IATACodes,IsIATA,((0))
IATACodes,InActive,((0))
IATACodes,Id,('')
CustomsDocuments,IsPartOfDeclaration,((0))
WarehouseReleasePackages,IsContainer,((0))
CommunicationLogSteps,IsLogCompress,((0))
DWObjectFields,DisplayInQueryBuilder,((0))
DWObjectFields,IsMeasurement,((0))
DWObjectFields,IsPrimaryKey,((0))
DWObjectFields,IsRequired,((0))
DWObjectFields,HideTree,((0))
DWObjectFields,CannotFilter,((0))
DWObjectFields,IsCustom,((0))
AccountingPaymentMethods,Inactive,((0))
AccountingPaymentMethods,Id,('')
AccountingPaymentMethods,AddedManually,((0))
AccountingPaymentMethods,Tenant,((0))
AccountingPaymentMethods,IsAR,((1))
AccountingPaymentMethods,IsAP,((0))
Ports,AutomaticLastUpdateDate,(getdate())
ReportExecutionLogs,RetryNumber,((0))
QuoteSettings,IsSaleAsCostCurrency,((0))
QuoteSettings,CopyExchangeRates,((0))
QuoteSettings,CopyNotify,((0))
QuoteSettings,CopyAgent,((0))
QuoteSettings,AutomaticallyCloseDays,((0))
WarehouseReleases,TotalVolumetricWeight,((0))
WarehouseReleases,VolumeUnitCode,('')
WarehouseReleases,ReleaseNumber,('')
WarehouseReleases,DimensionsUnitCode,('')
WarehouseReleases,TotalQuantity,((0))
DWObjectTables,IsClosed,((0))
ARPayments,IsTransferStarted,((0))
ARPayments,TransferTries,((0))
ARPayments,IsFullAccounting,((0))
ARPayments,SATTransferStatusCode,('NT')
ARPayments,OpenAmount,((0))
ARPayments,AccountingPaymentMethodId,('')
InboundEmailLines,EntityLineId,('')
Posts,NumberOfComments,((0))
Posts,IsAutomatic,((0))
Competitors,InActive,((0))
Competitors,SearchFields,(NULL)
InboundEmails,IsRejected,((0))
Declarations,IsCourierDeclaration,((0))
Declarations,IsCourierMissingClassification,((0))
Declarations,IsValueForCustomsOnly,((0))
Declarations,IsClose,((0))
Declarations,IsReleaseFile,((0))
Declarations,ExcludeConsignment,((0))
AuthenticationTokens,InActive,((0))
AuthenticationTokens,APIToken,((0))
Incoterms,AutomaticLastUpdateDate,(getdate())
ComputingPartners,Code,('')
ComputingPartners,Tenant,((0))
ComputingPartners,InActive,((0))
GLAccountWithholdingTax,LineNumber,((0))
Industries,InActive,((0))
Industries,AutomaticLastUpdateDate,(getdate())
DocumentOuts,IsBlobExist,('false')
TraceEvents,IsAddedManually,((0))
WithholdingTaxDeductionTypes,Tenant,((0))
CustomsSettings,Tenant,((0))
CustomsSettings,BlockAgentBankForMasab,((0))
CustomsSettings,TehilaDca,((0))
CustomsSettings,UnifreightCertificateActivated,((0))
CustomsSettings,AutoFillPaymentScreen,((0))
CustomsSettings,AutoUnitMeasurement,((0))
CustomsSettings,AutoFillAccountType,((0))
Documents,IsEncrypted,((0))
Settings,IsUpgradingChamp,((0))
WebhookKeys,Id,('')
Settings,AndroidSharedAppMinimumVersion,((0))
Settings,IsDocumentsArchive,((0))
Settings,LogitudeCRMTenantNumber,((341))
Settings,ForceHttps,((0))
TenantManagements,ShardLogisticTotalLastWeek,((0))
TenantManagements,ShipmentTotalLastMonth,((0))
TenantManagements,IsAWBStockPrepaid,('false')
TenantManagements,QuoteTotalLastMonth,((0))
TenantManagements,ShardLogisticTotalLastMonth,((0))
TenantManagements,BillingByLogitude,((0))
TenantManagements,APInvoiceTotalLastWeek,((0))
TenantManagements,ManageLicencesPerUser,('false')
TenantManagements,IsDEXXConnectionEnabled,((0))
TenantManagements,OpportunityTotalLastWeek,((0))
TenantManagements,OpportunityTotalLastMonth,((0))
TenantManagements,IsSystemSupportEnabled,('false')
TenantManagements,CustomerTotalLastWeek,((0))
TenantManagements,CreateDate,('2012-12-23 12:00:00')
TenantManagements,ARInvoiceTotalLastWeek,((0))
Settings,ChampTestAPIURL,('')
TenantManagements,MobileTotalLastWeek,((0))
Settings,ChampTestAPIPassword,('')
TenantManagements,IsRegistered,('false')
Settings,ChampProdAPIURL,('')
TenantManagements,MobileTotalLastMonth,((0))
Settings,ChampProdAPIPassword,('')
TenantManagements,IsCargonautEnabled,('false')
TenantManagements,IsEAWBOnlyDemo,((0))
TenantManagements,QuoteTotalLastWeek,((0))
TenantManagements,ActivityTotalLastWeek,((0))
TenantManagements,IsParentTenant,((0))
TenantManagements,SupportActivated,((0))
TenantManagements,AgentSharedLogisticsStatisticsLastWeek,((0))
TenantManagements,IsDistributorSupportEnabled,('false')
TenantManagements,AgentSharedLogisticsStatisticsLastMonth,((0))
TenantManagements,ShipmentTotalLastWeek,((0))
TenantManagements,IsINTTRAStockPrepaid,((0))
TenantManagements,ChangeHeaderColor,((0))
TenantManagements,ManagesRegisteredAgent,((0))
Settings,ReportsRunUsingWR,((0))
TenantManagements,IsMultiPackage,((0))
Settings,System2RedirectFraction,((0))
TenantManagements,ARInvoiceTotalLastMonth,((0))
GlobalDBs,SharedDWConnection,('')
TenantManagements,PaymentFailure,('false')
TenantManagements,ActivityTotalLastMonth,((0))
TenantManagements,IsRestrictedByAirline,('false')
TenantManagements,IsRecurring,((0))
TenantManagements,CustomerTotalLastMonth,((0))
TenantManagements,APInvoiceTotalLastMonth,((0))
TenantManagements,MainAdditionalPackageApplied,((0))
BluesnapContracts,Id,('')
ContactPasswords,IsBCrypt,((0))
TenantManagements,EnableBranding,((0))
TenantManagements,HideSharedlogistics,((0))
Settings,AndroidPodAppMinimumVersion,((0))
Settings,IOSPodAppMinimumVersion,((0))
BluesnapContracts,BluesnapContractTypeCode,('BA')
dw_DWHSettings,ParentTenant,((-1))
dw_Addresses,StateId,('-1')
dw_Addresses,CountryId,('-1')
Settings,SameUserLoginEnabled,((0))
Settings,QBOOAuthDefault,((0))
TenantManagmentPrivateLabels,Tenant,((0))
dw_Shipments,ShipperId,('-1')
dw_Shipments,ConsigneeId,('-1')
dw_Shipments,AgentId,('-1')
dw_Shipments,CustomerId,('-1')
dw_Shipments,IncotermId,('-1')
dw_Shipments,SalesmanUserId,('-1')
dw_Shipments,AccountManagerUserId,('-1')
Settings,EmailSendingQuota,((0))
dw_Shipments,FromPortId,('-1')
dw_Shipments,ToPortId,('-1')
dw_Shipments,MasterShipmentDataId,('-1')
dw_Shipments,ShipmentTypeId,('-1')
dw_Shipments,DepartmentId,('-1')
dw_Shipments,BranchId,('-1')
dw_Shipments,ProfitCurrencyId,('-1')
dw_Shipments,StatusId,('-1')
dw_Shipments,DirectionId,('1')
AutoSignupEmails,CreateDate,('1900-01-01T00:00:00.000')
dw_Shipments,TransportModeId,('1')
BluesnapContracts,InActive,((0))
dw_Shipments,ShipmentLevelCode,('1')
ContactMobileDevices,NotificationUniqueKey,('')
dw_Shipments,ForwarderPartnerId,('-1')
ContactMobileDevices,Email,('')
dw_Shipments,CustomAgentImportId,('-1')
ContactMobileDevices,IsSignOut,((0))
dw_Shipments,CustomAgentExportId,('-1')
ContactPasswords,IsSendNotificationForMobile,((0))
dw_Shipments,WarehouseLegWarehouseId,('-1')
ContactPasswords,SharedMobileAppAlertsforFollowedShipment,((0))
dw_Shipments,CreatedByUserId,('-1')
ContactPasswords,SharedMobileAppAlertonExceptions,((0))
dw_Shipments,ValueOfGoodsCurrencyId,('-1')
GlobalContacts,InternetAccess,('false')
GlobalContacts,IsUser,('False')
dw_ShipmentMasterDatas,MainCarriageToPortId,('-1')
GlobalDBs,IsUpgrading,((0))
dw_ShipmentMasterDatas,Transshipment1ToPortId,('-1')
GlobalDBs,IsActive,((0))
dw_ShipmentMasterDatas,Transshipment2ToPortId,('-1')
GlobalTenants,IsActive,((0))
dw_ShipmentMasterDatas,Transshipment3ToPortId,('-1')
GlobalTenants,Version,((0))
dw_ShipmentMasterDatas,MainCarriageCarrierId,('-1')
HelpResources,IsNew,((0))
LogitudeLeads,IsUserEmailSent,((0))
dw_Partners,SalesmanUserId,('-1')
MobileNotificationLogs,NumberOfRetriesIOS,((0))
dw_Partners,PrimaryContactId,('-1')
MobileNotificationLogs,Tenant,((0))
dw_Partners,CountryId,('-1')
MobileNotificationLogs,IsException,((0))
dw_Partners,PartnerTypeId,('-1')
MobileNotificationLogs,IsDelete,((0))
SessionPolicies,WebTokenLifeTimeInMinutes,((0))
MobileNotificationLogs,NumberOfRetriesAndroid,((0))
dw_Ports,StateId,('-1')
SessionPolicies,WebTokenExpirationWarningInMinutes,((0))
MobileNotificationLogs,CreateDate,('1900-01-01T00:00:00.000')
dw_Ports,CountryId,('-1')
MobileNotificationLogs,IsRead,((0))
PasswordResetRequests,IsMobileOnly,((0))
PerformanceLogs,ServerTime,((0))
Settings,IOSSharedAppMinimumVersion,((1))
TenantManagements,IsINTTRAOnlyDemo,((0))
Settings,EnableHybridQueue,('false')
dw_Tenants,AddressId,('-1')
Settings,AutoSignupEmail,('AutoSignup@logitudeworld.com')
dw_Tenants,CurrencyId,('-1')
Settings,AutoSignupPassword,('$Gen)(8761')
GlobalDBs,IsBlocking,((0))
CaptchaKeys,IsUsed,((0))
BatchServicesLogs,DoneItemsInOneMinute,((0))
BatchServicesLogs,DoneItemsInFiveMinutes,((0))
BatchServicesLogs,DoneItemsInOneHour,((0))
BatchServicesLogs,WaitingItems,((0))
BatchServicesLogs,FailedItems,((0))