InsideShipmentPackages,PackageTypeId,NULL,0
InsideShipmentPackages,ShipmentPackageId,NULL,0
InsideShipmentPackages,CountryId,NULL,0
SharedLogisticsUpdates,DocumentId,NULL,0
SharedLogisticsUpdates,ObjectTableId,NULL,0
SharedLogisticsUpdates,Status,NULL,0
SharedLogisticsUpdates,HandledByUserId,NULL,0
PrintTemplateOptions,PrintTemplateId,NULL,0
ReconcileExternalPageLines,ReconcileExternalPageId,NULL,0
FeatureChanges,UserId,NULL,0
FeatureChanges,RoleId,NULL,0
FeatureChanges,PackageCode,NULL,0
Translations,TextCodeId,NULL,0
Translations,TranslatedByUserId,NULL,0
Translations,TranslationHeaderCode,NULL,0
Translations,Tenant,NULL,0
PrintTemplates,Code,NULL,0
PrintTemplates,DefaultOptionId,NULL,0
PhysicalChecks,CustomerId,NULL,0
ReconcileExternalPages,GLAccountId,NULL,0
ReconcileExternalPages,CreatedByUserId,NULL,0
ReconcileExternalPages,ApprovedByUserId,NULL,0
ReconcileExternalPages,StatusCode,NULL,0
ReconcileExternalPages,EntryTypeCode,NULL,0
DocumentsFilingMetaDataValues,DocumentsFilingId,NULL,0
DocumentsFilingMetaDataValues,DocumentsMetaDataTypeId,NULL,0
TransportModes,AutomaticLastUpdateDate,NULL,0
CustomerOpenFilesAmounts,CustomerId,NULL,0
AutomationResultEmailRecipients,AutomationsId,NULL,0
JournalLines,ActionCode,NULL,0
JournalLines,CreditAccountId,NULL,0
JournalLines,CreditControlAccountId,NULL,0
JournalLines,CurrencyId,NULL,0
JournalLines,DebitAccountId,NULL,0
JournalLines,DebitControlAccountId,NULL,0
JournalLines,JournalId,NULL,0
TenantAdditionalDatas,PaymentGatewayPartnerCode,NULL,0
ShipmentAWBPrintOnlies,CurrencyId,NULL,0
ShipmentAWBPrintOnlies,DueTypeCode,NULL,0
ShipmentAWBPrintOnlies,MeasurementId,NULL,0
ShipmentAWBPrintOnlies,PrepaidCollectId,NULL,0
ShipmentAWBPrintOnlies,ShipmentId,NULL,0
ShipmentAWBPrintOnlies,IATACodeId,NULL,0
PrintTemplateVersions,TemplateBodyBlobId,NULL,0
PrintTemplateVersions,PrintTemplateOptionId,NULL,0
DocumentsFilings,BranchId,NULL,0
DocumentsFilings,ChildObjectTableId,NULL,0
DocumentsFilings,CreatedByUserId,NULL,0
DocumentsFilings,DeletedByUserId,NULL,0
DocumentsFilings,DepartmentId,NULL,0
DocumentsFilings,DocumentId,NULL,0
DocumentsFilings,EntityId,NULL,0
DocumentsFilings,DocumentTypeId,NULL,0
DocumentsFilings,FolderId,NULL,0
DocumentsFilings,ObjectTableId,NULL,0
DocumentsFilings,OwnerId,NULL,0
DocumentsFilings,ReceivedByUserId,NULL,0
DocumentsFilings,StatusCode,NULL,0
DocumentsFilings,UpdatedByUserId,NULL,0
DocumentsFilings,Tenant; EntityId; IsRequested,NULL,0
DocumentsFilings,Tenant; EntityId; IsDeleted,NULL,0
ContactLoginLogs,ContactId,NULL,0
Automations,CreatedByUserId,NULL,0
Automations,UpdatedByUserId,NULL,0
Journals,AccountingEntityCode,NULL,0
Journals,ApprovedByUserId,NULL,0
Journals,CreatedByUserId,NULL,0
Journals,OriginalJournalId,NULL,0
Journals,StatusCode,NULL,0
Journals,TypeCode,NULL,0
Journals,UpdatedByUserId,NULL,0
Journals,VoidedByUserId,NULL,0
Journals,IsLedgerCreated,NULL,0
Journals,OriginalJournalId,NULL,1
ShipmentCarrierStatuses,FromPortId,NULL,0
ShipmentCarrierStatuses,Location,NULL,0
ShipmentCarrierStatuses,Status,NULL,0
ShipmentCarrierStatuses,ToPortId,NULL,0
ShipmentCarrierStatuses,ShipmentId,NULL,0
FilingInboxAttachmentLogs,DocumentsFilingId,NULL,0
FilingInboxAttachmentLogs,FilingInboxAttachmentId,NULL,0
ShipmentCommodities,RateClassCode,NULL,0
ShipmentCommodities,ShipmentId,NULL,0
PropertiesDetailsHistorys,CustomsItemID,NULL,0
FilingInboxAttachments,DocumentId,NULL,0
FilingInboxAttachments,FilingInboxId,NULL,0
Contacts,Tenant,NULL,0
Contacts,Tenant; Email,NULL,0
Contacts,ImageDetailId,NULL,0
Contacts,IndexColor,NULL,0
Contacts,AutomaticLastUpdateDate,NULL,0
Contacts,SharedLogisticsContactLastLogin_ContactId; SharedLogisticsContactLastLogin_CardId; SharedLogisticsContactLastLogin_PartnerTypeId; SharedLogisticsContactLastLogin_Via,NULL,0
PriceSteps,CreatedByUserId,NULL,0
PriceSteps,UpdatedByUserId,NULL,0
ShipmentComputedFields,Id,NULL,0
ShipmentComputedFields,AutomaticLastUpdateDate,NULL,0
ShipmentComputedFields,OperationallyClosedByUserId,NULL,0
ShipmentComputedFields,DeliveryToPortId,NULL,0
ProductTypeModifications,ProductTypeCode,NULL,0
FilingInboxes,UpdatedByUserId,NULL,0
FilingInboxes,BodyDocumentId,NULL,0
UserLicenses,PackageCode,NULL,0
UserLicenses,UserId,NULL,0
ContactsUnseenEntities,ContactId,NULL,0
ContactsUnseenEntities,Tenant; ContactId; ObjectTableId,NULL,0
ContactsUnseenEntities,Tenant; ContactId; ObjectTableId; EntityId,NULL,0
ContactsUnseenEntities,ObjectTableId,NULL,0
ProductTypes,QuotationDefaultTemplateId,NULL,0
ProductTypes,RoutingRQuoteDefaultTemplateId,NULL,0
SupplierInvoiceItemVehicleAdds,DeclarationId; InvoiceCounterKey; InvoiceItemLineNumber; LineNumber,NULL,0
DocumentTypeCopies,DocumentTypeId,NULL,0
UserLoginLogs,UserId,NULL,0
ContactTenantRoleSet,ContactTenantId,NULL,0
ContactTenantRoleSet,RoleId,NULL,0
UsersReleaseNotesDisplays,UserId,NULL,0
LedgerTransactions,AccountId,NULL,0
LedgerTransactions,ControlAccountId,NULL,0
LedgerTransactions,CurrencyId,NULL,0
LedgerTransactions,JournalId; JournalLineNumber,NULL,0
LedgerTransactions,OpenAmountCurrencyId,NULL,0
LedgerTransactions,OppositeAccountId,NULL,0
LedgerTransactions,AccountId; IsReconciled; InReconcileProgress,NULL,0
Queries,FeatureId,NULL,0
Queries,QueryGroupCode,NULL,0
Queries,ObjectTableId,NULL,0
Queries,OriginalQueryId,NULL,0
Queries,NameTextCodeId,NULL,0
Queries,UserId,NULL,0
Queries,SharedByUserId,NULL,0
LogBoxTenantSettings,Id,NULL,0
LogBoxTenantSettings,LogBoxAdminUserId,NULL,0
DocumentTypeCustomFields1,FieldDataTypeCode,NULL,0
DocumentTypeCustomFields1,DocumentTypeId,NULL,0
UserPermittedBranches,BranchId,NULL,0
UserPermittedBranches,UserId,NULL,0
ContactTenants,ContactId,NULL,0
ContactTenants,TenantId,NULL,0
ShipmentLevels,AutomaticLastUpdateDate,NULL,0
LogitudeMessagesTransmissionLogs,AWBNumber; SentDate; Tenant,NULL,0
DWHSettings,AutomaticLastUpdateDate,NULL,0
DocumentTypeMetaDatas,DocumentsMetaDataTypeId,NULL,0
DocumentTypeMetaDatas,DocumentTypeId,NULL,0
UserPermittedProducts,ProductTypeCode,NULL,0
UserPermittedProducts,UserId,NULL,0
ConversationHeaderMessages,ConversationHeaderId,NULL,0
ConversationHeaderMessages,CreatedByUserId,NULL,0
ShipmentMasterDatas,AWBPrintingSecurityStatusId,NULL,0
ShipmentMasterDatas,CargonautFWBStatusCode,NULL,0
ShipmentMasterDatas,MainCarriageFromAddressId,NULL,0
ShipmentMasterDatas,MainCarriageFromPartnerId,NULL,0
ShipmentMasterDatas,MainCarriageCarrierId,NULL,0
ShipmentMasterDatas,MainCarriageFinalDestinationPortId,NULL,0
ShipmentMasterDatas,MainCarriageFromPortId,NULL,0
ShipmentMasterDatas,MainCarriageVesselId,NULL,0
ShipmentMasterDatas,MainCarriageToPortId,NULL,0
ShipmentMasterDatas,StatusId,NULL,0
ShipmentMasterDatas,FWBStatusCode,NULL,0
ShipmentMasterDatas,MainCarriageToAddressId,NULL,0
ShipmentMasterDatas,MainCarriageToPartnerId,NULL,0
ShipmentMasterDatas,Transshipment1CarrierId,NULL,0
ShipmentMasterDatas,Transshipment1FromPortId,NULL,0
ShipmentMasterDatas,Transshipment1VesselId,NULL,0
ShipmentMasterDatas,Transshipment1ToPortId,NULL,0
ShipmentMasterDatas,Transshipment2CarrierId,NULL,0
ShipmentMasterDatas,Transshipment2FromPortId,NULL,0
ShipmentMasterDatas,Transshipment2VesselId,NULL,0
ShipmentMasterDatas,Transshipment2ToPortId,NULL,0
ShipmentMasterDatas,Transshipment3CarrierId,NULL,0
ShipmentMasterDatas,Transshipment3FromPortId,NULL,0
ShipmentMasterDatas,Transshipment3VesselId,NULL,0
ShipmentMasterDatas,Transshipment3ToPortId,NULL,0
ShipmentMasterDatas,InterlineId,NULL,0
ShipmentMasterDatas,ManifestStatusCode,NULL,0
ShipmentMasterDatas,Tenant; Master; InterlineId,NULL,0
ShipmentMasterDatas,Master; InterlineId,NULL,0
ShipmentMasterDatas,OBLTypeCode,NULL,0
ShipmentMasterDatas,AutomaticLastUpdateDate,NULL,0
QueryColumns,ObjectFieldId,NULL,0
QueryColumns,QueryId,NULL,0
QueryColumns,UserId,NULL,0
QueryColumns,Tenant,NULL,0
QueryColumns,Tenant,NULL,0
QueryColumns,Tenant; UserId,NULL,0
CustomerDepositions,CustomsShipperId,NULL,0
AccountingPeriods,PeriodTypeCode,NULL,0
DocumentTypes,DocumentsDataProviderCode,NULL,0
DocumentTypes,DocumentTypeCategoryCode,NULL,0
DocumentTypes,Tenant,NULL,0
DocumentTypes,AgentRoleId,NULL,0
DocumentTypes,CustomerRoleId,NULL,0
DocumentTypes,ObjectTableId,NULL,0
DocumentTypes,TemplateFormatCode,NULL,0
Users,DistributorCode,NULL,0
Users,BranchId,NULL,0
Users,DepartmentId,NULL,0
Users,BusinessUnitId,NULL,0
Users,FreelancerId,NULL,0
Users,ProductTypeCode,NULL,0
Users,AutomaticLastUpdateDate,NULL,0
ConversationHeaderParticipants,ConversationHeaderId,NULL,0
ConversationHeaderParticipants,ParticipantUserId,NULL,0
InterestReports,CreatedByUserId,NULL,0
InterestReports,UpdatedByUserId,NULL,0
InterestReports,GLAccountId,NULL,0
InterestReports,ARinvoiceId,NULL,0
InterestReports,InterestReportStatusCode,NULL,0
ShipmentOrderPackages,PackageTypeId,NULL,0
ShipmentOrderPackages,ShipmentId,NULL,0
ShipmentOrderPackages,ShipmentId,NULL,0
MessagingStocks,CreatedByUserId,NULL,0
MessagingStocks,UpdatedByUserId,NULL,0
FTPDetails,CreatedByUserId,NULL,0
FTPDetails,UpdatedByUserId,NULL,0
DWSubQueries,DWQueryId,NULL,0
CustomsShippers,Id,NULL,0
AccountingSettings,AccountingSystemCode,NULL,0
AccountingSettings,RegistryDateTypeCode,NULL,0
ExternalReconciliationLines,ReconciliationId,NULL,0
ExternalReconciliationLines,LedgerTransactionId,NULL,0
ExternalReconciliationLines,ExternalPageLineId,NULL,0
ConversationHeaders,CreatedByUserId,NULL,0
ConversationHeaders,ObjectTableId,NULL,0
QuestionnaireAnswerLines,QuestionnaireAnswerId,NULL,0
MAWBStacks,AirlineId,NULL,0
DocumentTypeTemplates,DocumentTypeId,NULL,0
DocumentTypeTemplates,LastUpdatedByUserId,NULL,0
DocumentTypeTemplates,OriginalTemplateId,NULL,0
ExternalReconciliations,GLAccountId,NULL,0
ExternalReconciliations,CreatedByUserId,NULL,0
Correspondences,CreatedByContactId,NULL,0
Correspondences,ObjectTableId,NULL,0
ShipmentPackages,CommodityId,NULL,0
ShipmentPackages,PackageTypeId,NULL,0
ShipmentPackages,ShipmentId,NULL,0
ShipmentPackages,ShipmentId,NULL,0
ShipmentPackages,DeliveryId,NULL,0
ShipmentPackages,EmptyContainerReturnId,NULL,0
ShipmentPackages,TemperatureUnitCode,NULL,0
ShipmentPackages,LastStatusCode,NULL,0
ShipmentPackages,DeliveryTransportModeCode,NULL,0
ShipmentPackages,ECRTransportModeCode,NULL,0
ShipmentPackages,FlashPointTemperatureUnitCode,NULL,0
ShipmentPackages,CountryId,NULL,0
AWBSpecialHandlingCodes,AirlineId,NULL,0
QuestionnaireAnswers,CreatedByUserId,NULL,0
QuestionnaireAnswers,ObjectTableId,NULL,0
QuestionnaireAnswers,QuestioneerId,NULL,0
ShipmentAdditionalCloudDatas,Id,NULL,0
SharedLogisticsContactLastLogins,ContactId,NULL,0
CorrespondencesAttachments,CorrespondenceId,NULL,0
CorrespondencesAttachments,DocumentFilingId,NULL,0
QuestionnaireQuestions,CreatedByUserId,NULL,0
QuestionnaireQuestions,QuestioneerId,NULL,0
QuestionnaireQuestions,UpdatedByUserId,NULL,0
PickUpDeliveryPackageHarmonizes,PackageId,NULL,0
EmailAlertSettings,ObjectTableId,NULL,0
VatTypePercentages,VatTypeId,NULL,0
CounterDefinitions,CounterId,NULL,0
MessagingStockUsageHistories,FirstActionByUserId,NULL,0
MessagingStockUsageHistories,LastActionByUserId,NULL,0
MessagingStockUsageHistories,StockId,NULL,0
Questionnaires,CreatedByUserId,NULL,0
Questionnaires,UpdatedByUserId,NULL,0
MenuButtonGroups,ObjectTableId,NULL,0
PaymentChequeLines,PaymentChequeId,NULL,0
InterestReportLines,InterestTransactionId,NULL,0
InterestReportLines,InterestReportId,NULL,0
AgentSharedManifests,UpdatedByUserId,NULL,0
AgentSharedManifests,FromPortId,NULL,0
AgentSharedManifests,ToPortId,NULL,0
AgentSharedManifests,StatusCode,NULL,0
AgentSharedManifests,ShipmentLevelCode,NULL,0
AgentSharedManifests,AgentId,NULL,0
AgentSharedManifests,ShipmentTypeId,NULL,0
AccountingTransferHeaders,AccountingTransferTypeCode,NULL,0
AccountingTransferHeaders,UserId,NULL,0
ShipmentPayables,CorrectionByUserId,NULL,0
ShipmentPayables,VendorId,NULL,0
ShipmentPayables,ChargesTypeId,NULL,0
ShipmentPayables,CurrencyId,NULL,0
ShipmentPayables,DueTypeCode,NULL,0
ShipmentPayables,MeasurementId,NULL,0
ShipmentPayables,ShipmentPayableLineStatusCode,NULL,0
ShipmentPayables,PrepaidCollectId,NULL,0
ShipmentPayables,ShipmentId,NULL,0
ShipmentPayables,ShipmentPayableParentId,NULL,0
ShipmentPayables,ShipmentPayableAmountTypeCode,NULL,0
ShipmentPayables,CreatedByUserId,NULL,0
ShipmentPayables,UpdateByUserId,NULL,0
ShipmentPayables,IATACodeId,NULL,0
ShipmentPayables,VatTypeId,NULL,0
EmployeeGroupLines,EmployeeGroupId,NULL,0
EmployeeGroupLines,UserId,NULL,0
PaymentCheques,CreatedByUserId,NULL,0
PaymentCheques,UpdatedByUserId,NULL,0
PaymentCheques,PayToGLAccountId,NULL,0
PaymentCheques,BankAccountId,NULL,0
PaymentCheques,BankAccountGLAccountId,NULL,0
PaymentCheques,CurrencyId,NULL,0
PaymentCheques,ApprovedByUserId,NULL,0
PaymentCheques,CancelledByUserId,NULL,0
PaymentCheques,PaymentChequeStatusCode,NULL,0
PaymentCheques,ObjectTableId,NULL,0
PaymentCheques,APPaymentId,NULL,0
ShipmentPackageHarmonize,PackageId,NULL,0
AccountingTransferLines,AccountingTransferHeaderId,NULL,0
MenuButtons,FeatureId,NULL,0
MenuButtons,MenuButtonGroupId,NULL,0
MenuButtons,ParentMenuButtonId,NULL,0
MenuButtons,LabelTextCodeId,NULL,0
Counters,ChangedByUserId,NULL,0
Counters,ObjectTableId,NULL,0
InterestReportLinesByDates,InterestReportId,NULL,0
SharedManifestTranslations,CreatedByUserId,NULL,0
SharedManifestTranslations,UpdatedByUserId,NULL,0
QueueMessageMoreDetails,Field1,NULL,0
QueueMessageMoreDetails,Field2,NULL,0
QueueMessageMoreDetails,CreateDateTime,NULL,0
QueueMessageMoreDetails,QueueDefinitionCode,NULL,0
QueueMessageMoreDetails,CreateDateTime,NULL,0
EmployeeGroups,CreatedByUserId,NULL,0
EmployeeGroups,ManagerUserId,NULL,0
EmployeeGroups,UpdatedByUserId,NULL,0
BankAccounts,BankId,NULL,0
BankAccounts,CreatedByUserId,NULL,0
BankAccounts,DeferredGLAccountId,NULL,0
BankAccounts,GLAccountId,NULL,0
BankAccounts,UpdatedByUserId,NULL,0
BankAccounts,TransferGLAcccountId,NULL,0
BankAccounts,CurrencyId,NULL,0
ChargesExternalAccountsByProducts,ChargesTypeId,NULL,0
ChargesExternalAccountsByProducts,ProductTypeCode,NULL,0
ChargesExternalAccountsByProducts,UpdatedByUserId,NULL,0
HybridPartnersPermissions,AllowedByHybridPartnerId,NULL,0
CounterStats,CounterId,NULL,0
ShipmentPickUpDeliveries,CarrierId,NULL,0
ShipmentPickUpDeliveries,EmptyPickupContainerPartnerId,NULL,0
ShipmentPickUpDeliveries,FromAddressId,NULL,0
ShipmentPickUpDeliveries,FromPortId,NULL,0
ShipmentPickUpDeliveries,FromPartnerCardId,NULL,0
ShipmentPickUpDeliveries,ToPartnerCardId,NULL,0
ShipmentPickUpDeliveries,PickUpDeliveryFromTypeCode,NULL,0
ShipmentPickUpDeliveries,PickUpDeliveryToTypeCode,NULL,0
ShipmentPickUpDeliveries,PickUpDeliveryTypeCode,NULL,0
ShipmentPickUpDeliveries,ShipmentId,NULL,0
ShipmentPickUpDeliveries,ToAddressId,NULL,0
ShipmentPickUpDeliveries,ToPortId,NULL,0
ShipmentPickUpDeliveries,FromAddressCountryId,NULL,0
ShipmentPickUpDeliveries,ToAddressCountryId,NULL,0
ShipmentPickUpDeliveries,EmptyDeliveryContainerPartnerId,NULL,0
ShipmentPickUpDeliveries,TransportModeCode,NULL,0
QueueMessages,QueueDefinitionCode,NULL,0
QueueMessages,QueueDefinitionCode; Status; NextRunDateTime,Id,0
MenusTables,CategoryTypeCode,NULL,0
MenusTables,FeatureId,NULL,0
MenusTables,MenuTypeCode,NULL,0
MenusTables,ObjectTableId,NULL,0
MenusTables,FeatureId,NULL,0
Accounts1,AccountTypeCode,NULL,0
OccasionInvitees,AddedByUserId,NULL,0
OccasionInvitees,UpdatedByUserId,NULL,0
OccasionInvitees,OccasionId,NULL,0
OccasionInvitees,ContactId,NULL,0
Countries,GlobalZoneId,NULL,0
Countries,AutomaticLastUpdateDate,NULL,0
ShipmentPickUpDeliveryPackages,PackageTypeId,NULL,0
ShipmentPickUpDeliveryPackages,ShipmentPickUpDeliveryId,NULL,0
ShipmentPickUpDeliveryPackages,CountryId,NULL,0
EntityChanges,CreateByUserId,NULL,0
Vessels,CountryId,NULL,0
Vessels,AutomaticLastUpdateDate,NULL,0
BankDepositLines,ARPaymentChequeId,NULL,0
BankDepositLines,DepositId,NULL,0
ARInvoiceStocks,CreatedByUserId,NULL,0
ARInvoiceStocks,UpdatedByUserId,NULL,0
ARInvoiceStocks,StatusCode,NULL,0
JournalAdditionalDatas,JournalId,NULL,0
JournalAdditionalDatas,TaxReportId,NULL,0
JournalAdditionalDatas,TaxReportTransmitStatusCode,NULL,0
BIReportsExecutionLogs,CreatedByUserId,NULL,0
BIReportsExecutionLogs,StatusCode,NULL,0
TaxReportLines,TaxReportId,NULL,0
TaxReportLines,UpdatedByUserId,NULL,0
TaxReportLines,LineTypeCode,NULL,0
TaxReportLines,StatusCode,NULL,0
TaxReportLines,TransmitStatusCode,NULL,0
QuoteCharges,ContainerType1MarkUpTypeCode,NULL,0
QuoteCharges,ContainerType2MarkUpTypeCode,NULL,0
QuoteCharges,ContainerType3MarkUpTypeCode,NULL,0
QuoteCharges,ContainerType4MarkUpTypeCode,NULL,0
QuoteCharges,ContainerType5MarkUpTypeCode,NULL,0
QuoteCharges,CostMeasurementId,NULL,0
QuoteCharges,CostCurrencyId,NULL,0
QuoteCharges,SaleCurrencyId,NULL,0
QuoteCharges,MarkUpTypeCode,NULL,0
QuoteCharges,QuoteId,NULL,0
QuoteCharges,ChargesTypeId,NULL,0
QuoteCharges,SaleMeasurementId,NULL,0
QuoteCharges,UpdatedByUserId,NULL,0
QuoteCharges,VendorId,NULL,0
QuoteCharges,VatTypeId,NULL,0
CountryCities,CountryId,NULL,0
CountryCities,StateId,NULL,0
BankDeposits,CashBookId,NULL,0
BankDeposits,CreatedByUserId,NULL,0
BankDeposits,DepositBankAccountId,NULL,0
BankDeposits,DepositCurrencyId,NULL,0
BankDeposits,UpdatedByUserId,NULL,0
Activities,CallWithId,NULL,0
Activities,CommunicationLogId,NULL,0
Activities,CustomerId,NULL,0
Activities,BusinessUnitId,NULL,0
Activities,OpportunityId,NULL,0
Activities,QuoteId,NULL,0
Activities,SenderContactId,NULL,0
Activities,TicketId,NULL,0
Activities,BusinessProcessQueueId,NULL,0
Activities,TeamId,NULL,0
Activities,OwnerId,NULL,0
Activities,BusinessUnitId,NULL,0
MoveTypes,TransportModeId,NULL,0
MoveTypes,AutomaticLastUpdateDate,NULL,0
TariffSurchargesUpdates,CreatedByUserId,NULL,0
TariffSurchargesUpdates,UpdateMethodCode,NULL,0
Occasions,CreatedByUserId,NULL,0
Occasions,UpdatedByUserId,NULL,0
Occasions,OwnerId,NULL,0
Occasions,IndustryId,NULL,0
Occasions,OccasionTypeId,NULL,0
Occasions,OccasionStatusId,NULL,0
ShipmentReceivables,DueTypeCode,NULL,0
ShipmentReceivables,ChargesTypeId,NULL,0
ShipmentReceivables,ARInvoiceId,NULL,0
ShipmentReceivables,CurrencyId,NULL,0
ShipmentReceivables,DueTypeCode,NULL,0
ShipmentReceivables,ARInvoiceLineId,NULL,0
ShipmentReceivables,MeasurementId,NULL,0
ShipmentReceivables,PrepaidCollectId,NULL,0
ShipmentReceivables,ShipmentId,NULL,0
ShipmentReceivables,ShipmentReceivableLineStatusCode,NULL,0
ShipmentReceivables,UpdateByUserId,NULL,0
ShipmentReceivables,CreatedByUserId,NULL,0
ShipmentReceivables,IATACodeId,NULL,0
ShipmentReceivables,ShipmentId,NULL,0
ShipmentReceivables,VatTypeId,NULL,0
ShipmentReceivables,ShipmentReceivableParentId,NULL,0
EntityLastActivities,EntityId,NULL,0
EntityLastActivities,UserId,NULL,0
EntityLastActivities,ObjectTableId,NULL,0
EntityLastActivities,UserId,NULL,0
EntityLastActivities,ActivityTypeCode,NULL,0
EntityLastActivities,Tenant; UserId; ObjectTableId,NULL,0
ActivityEmailRecipients,ActivityId,NULL,0
ActivityEmailRecipients,ContactId,NULL,0
ActivityEmailRecipients,SenderContactId,NULL,0
Warehouses,TypeCode,NULL,0
ARInvoiceStockLines,ARInvoiceStockId,NULL,0
ARInvoiceStockLines,CreatedByUserId,NULL,0
ARInvoiceStockLines,UpdatedByUserId,NULL,0
ARInvoiceStockLines,ARInvoiceId,NULL,0
Blobs,BlobTypeCode,NULL,0
ActivityInvitees,ActivityId,NULL,0
ActivityInvitees,ContactId,NULL,0
ObjectFieldModifications,ObjectFieldId,NULL,0
BIReports,CreatedByUserId,NULL,0
BIReports,UpdatedByUserId,NULL,0
BIReports,DWQueryId,NULL,0
BIReports,TypeCode,NULL,0
BIReports,BIReportFolderId,NULL,0
BIReports,LastRunByUserId,NULL,0
CRMFilterSettings,UserId,NULL,0
OccasionTypes,CreatedByUserId,NULL,0
OccasionTypes,UpdatedByUserId,NULL,0
Shipments,AccountingInformationIdentifierCode1,NULL,0
Shipments,AccountingInformationIdentifierCode2,NULL,0
Shipments,AccountingInformationIdentifierCode3,NULL,0
Shipments,AccountingInformationIdentifierCode4,NULL,0
Shipments,AccountingInformationIdentifierCode5,NULL,0
Shipments,AccountingInformationIdentifierCode6,NULL,0
Shipments,AccountManagerUserId,NULL,0
Shipments,AWBSpecialHandlingCodeId1,NULL,0
Shipments,AWBSpecialHandlingCodeId2,NULL,0
Shipments,AWBSpecialHandlingCodeId3,NULL,0
Shipments,AWBSpecialHandlingCodeId4,NULL,0
Shipments,AWBSpecialHandlingCodeId5,NULL,0
Shipments,AWBSpecialHandlingCodeId6,NULL,0
Shipments,AWBSpecialHandlingCodeId7,NULL,0
Shipments,AWBSpecialHandlingCodeId8,NULL,0
Shipments,AWBSpecialHandlingCodeId9,NULL,0
Shipments,CargonautFHLStatusCode,NULL,0
Shipments,ComputedStatusId,NULL,0
Shipments,ConsolidatorAddressId,NULL,0
Shipments,ConsolidatorContactId,NULL,0
Shipments,ConsolidatorId,NULL,0
Shipments,CountryForStatisticsId,NULL,0
Shipments,AgentAddressId,NULL,0
Shipments,AgentContactId,NULL,0
Shipments,AWBChargesCodeCode,NULL,0
Shipments,AWBHandlingCodeCode1,NULL,0
Shipments,AWBCurrencyId,NULL,0
Shipments,ChargeableWeightUnitCode,NULL,0
Shipments,ShipperContactId,NULL,0
Shipments,ConsigneeNotImporterAddressId,NULL,0
Shipments,ConsigneeNotImporterId,NULL,0
Shipments,ConsigneeNotImporterContactId,NULL,0
Shipments,ConsigneeContactId,NULL,0
Shipments,CustomAgentExportAddressId,NULL,0
Shipments,CustomAgentExportId,NULL,0
Shipments,CustomAgentExportContactId,NULL,0
Shipments,CustomAgentImportAddressId,NULL,0
Shipments,CustomAgentImportContactId,NULL,0
Shipments,CustomerAddressId,NULL,0
Shipments,CustomerId,NULL,0
Shipments,CustomerContactId,NULL,0
Shipments,DirectionId,NULL,0
Shipments,FreightForwarderAddressId,NULL,0
Shipments,FreightForwarderId,NULL,0
Shipments,FreightForwarderContactId,NULL,0
Shipments,FreightPrepaidCollectId,NULL,0
Shipments,FromPortId,NULL,0
Shipments,IssuingCarrierAddressId,NULL,0
Shipments,IssuingCarrierAgentId,NULL,0
Shipments,NextLegCode,NULL,0
Shipments,Notify1AddressId,NULL,0
Shipments,Notify1ContactId,NULL,0
Shipments,Notify2AddressId,NULL,0
Shipments,Notify2ContactId,NULL,0
Shipments,OnCarriageFromPortId,NULL,0
Shipments,OnCarriageCarrierId,NULL,0
Shipments,OnCarriageTransportModeId,NULL,0
Shipments,OnCarriageToPortId,NULL,0
Shipments,OnCarriageVesselId,NULL,0
Shipments,OtherPrepaidCollectId,NULL,0
Shipments,PreCarriageFromPortId,NULL,0
Shipments,PreCarriageCarrierId,NULL,0
Shipments,PreCarriageToPortId,NULL,0
Shipments,PreCarriageVesselId,NULL,0
Shipments,ProfitCurrencyId,NULL,0
Shipments,ShipperAddressId,NULL,0
Shipments,CarrierLastStatusCode,NULL,0
Shipments,BranchId,NULL,0
Shipments,ShipperId,NULL,0
Shipments,CustomAgentImportId,NULL,0
Shipments,ConsigneeId,NULL,0
Shipments,Notify1Id,NULL,0
Shipments,Notify2Id,NULL,0
Shipments,AgentId,NULL,0
Shipments,ConsigneeAddressId,NULL,0
Shipments,DepartmentId,NULL,0
Shipments,DimensionsUnitCode,NULL,0
Shipments,StatusId,NULL,0
Shipments,FHLStatusCode,NULL,0
Shipments,IncotermId,NULL,0
Shipments,ShipmentLevelCode,NULL,0
Shipments,ShipmentPayableStatusCode,NULL,0
Shipments,ShipmentReceivableStatusCode,NULL,0
Shipments,ShipmentCustomerTypeCode,NULL,0
Shipments,ShipmentTypeId,NULL,0
Shipments,PreCarriageTransportModeId,NULL,0
Shipments,SalesmanUserId,NULL,0
Shipments,CreatedByUserId,NULL,0
Shipments,VolumeUnitCode,NULL,0
Shipments,GrossWeightUnitCode,NULL,0
Shipments,ShipperNotExporterAddressId,NULL,0
Shipments,ShipperNotExporterId,NULL,0
Shipments,ShipperNotExporterContactId,NULL,0
Shipments,ToPortId,NULL,0
Shipments,TransportModeId,NULL,0
Shipments,UpdatedByUserId,NULL,0
Shipments,ForwarderPartnerId,NULL,0
Shipments,FreelancerAddressId,NULL,0
Shipments,FreelancerContactId,NULL,0
Shipments,FreelancerId,NULL,0
Shipments,LastSentByUserId,NULL,0
Shipments,NominatedHandlingPartyId,NULL,0
Shipments,OtherParticipantIdCode1,NULL,0
Shipments,OtherParticipantIdCode2,NULL,0
Shipments,OtherParticipantIdCode3,NULL,0
Shipments,MasterShipmentDataId,NULL,0
Shipments,Tenant; CustomFileId,NULL,0
Shipments,Tenant; CustomFileNumber,NULL,0
Shipments,Tenant; IsOperationalClosed,NULL,0
Shipments,Tenant; CreateDateTime DESC,NULL,0
Shipments,SpecialServicesTypeId,NULL,0
Shipments,Tenant; TransportModeId; DirectionId; IsCancelled; ShipmentLevelCode,Id; StatusId; MasterShipmentDataId,0
Shipments,Tenant; IsCancelled; CarrierLastStatusDate,NULL,0
Shipments,ValueOfGoodsCurrencyId,NULL,0
Shipments,StatusDate,NULL,0
Shipments,LocalCustomsTransmissionsStatusCode,NULL,0
Shipments,ReleasingAgentAddressId,NULL,0
Shipments,ReleasingAgentContactId,NULL,0
Shipments,ReleasingAgentId,NULL,0
Shipments,QuoteId,NULL,0
Shipments,WarehouseLegWarehouseId,NULL,0
Shipments,WarehouseLegAddressId,NULL,0
Shipments,LastSharedEventId,NULL,0
Shipments,LocalCustomsSentByUserId,NULL,0
Shipments,INTTRASIStatusCode,NULL,0
Shipments,EmergencyContactId,NULL,0
Shipments,OnCarriageAdditionalTransportModeCode,NULL,0
Shipments,INTTRADocumentTypeCode,NULL,0
Shipments,AutomaticLastUpdateDate,NULL,0
Shipments,Tenant; ShipmentNumber,NULL,0
Shipments,ForwardingPartnerId,NULL,0
Shipments,BasicFreightId,NULL,0
Shipments,DestinationPortChargesId,NULL,0
Shipments,DestinationHaulageChargesId,NULL,0
Shipments,AdditionalChargesId,NULL,0
Shipments,FreightPayerId,NULL,0
Shipments,FreightPayerAddressId,NULL,0
Shipments,OperationalClosedByUserId,NULL,0
Shipments,SecurityKey; Tenant; IsCancelled,NULL,0
Shipments,INTTRABookingTransStatusCode,NULL,0
Shipments,INTTRABookingStatusCode,NULL,0
QuoteDocumentVersions,CreatedByUserId,NULL,0
QuoteDocumentVersions,DocumentId,NULL,0
QuoteDocumentVersions,QuoteId,NULL,0
QuoteDocumentVersions,QuoteTemplateId,NULL,0
QuoteDocumentVersions,UpdatedByUserId,NULL,0
EntityLastUpdates,ObjectTableId,NULL,0
EntityLastUpdates,UpdatedByUserId,NULL,0
ActivityNotes,ActivityId,NULL,0
ActivityNotes,CreatedByUserId,NULL,0
ActivityNotes,UpdatedByUserId,NULL,0
ObjectFields,AgentRoleId,NULL,0
ObjectFields,AgentPermissionTypeCode,NULL,0
ObjectFields,CustomerPermissionTypeCode,NULL,0
ObjectFields,CustomerRoleId,NULL,0
ObjectFields,DataTypeCode,NULL,0
ObjectFields,ListTextCodeId,NULL,0
ObjectFields,MultiTableId,NULL,0
ObjectFields,ShortNameTextCodeId,NULL,0
ObjectFields,ObjectTableId,NULL,0
ObjectFields,LookUpTableId,NULL,0
ObjectFields,HelpTextCodeId,NULL,0
ObjectFields,FullNameTextCodeId,NULL,0
ObjectFields,Tenant,NULL,0
ObjectFields,Tenant; ObjectTableId,NULL,0
ObjectFields,AutomaticLastUpdateDate,NULL,0
ObjectFields,ObjectTableId; Tenant; InActive,NULL,0
ObjectFields,FieldCode,NULL,1
Currencies,AutomaticLastUpdateDate,NULL,0
QuotePackages,PackageTypeId,NULL,0
QuotePackages,QuoteId,NULL,0
EntityStatus,ObjectTableId,NULL,0
EntityStatus,AutomaticLastUpdateDate,NULL,0
ShipmentTypes,TransportModeId,NULL,0
ShipmentTypes,AutomaticLastUpdateDate,NULL,0
BookingAnswers,BookingId,NULL,0
BookingAnswers,BookingSpaceAllocationCode,NULL,0
BookingAnswers,CarrierId,NULL,0
BookingAnswers,CommunicationLogId,NULL,0
BookingAnswers,SpaceAllocationCode,NULL,0
BookingAnswers,StatusCode,NULL,0
ActivityOwnerHistories,ActivityId,NULL,0
ActivityOwnerHistories,OwnerId,NULL,0
QuotePriceSteps,QuoteId,NULL,0
QuotePriceSteps,QuoteChargeId,NULL,0
ObjectFieldValidations,ObjectFieldId,NULL,0
TariffLinesContainersPrices,TariffId,NULL,0
TariffLinesContainersPrices,TariffLineId,NULL,0
TariffLinesContainersPrices,SurchargeId,NULL,0
BatchTaskExecutions,CreatedByUserId,NULL,0
BatchTaskExecutions,StatusCode,NULL,0
Sprints,CreatedByUserId,NULL,0
Sprints,UpdatedByUserId,NULL,0
ObjectTableHelperControls,FeatureId,NULL,0
ObjectTableHelperControls,ObjectTableId,NULL,0
CustomerAccountManagerByProducts,AccountManagerId,NULL,0
CustomerAccountManagerByProducts,Tenant; CustomerId,NULL,0
ShippingLines,ShippingAgentId,NULL,0
BookingLastRequests,BookingId,NULL,0
BookingLastRequests,CarrierId,NULL,0
Quotes,AgentAddressId,NULL,0
Quotes,AgentContactId,NULL,0
Quotes,AgentId,NULL,0
Quotes,ToAddressId,NULL,0
Quotes,ConsigneeId,NULL,0
Quotes,ConsigneeContactId,NULL,0
Quotes,ShipperId,NULL,0
Quotes,ShipperContactId,NULL,0
Quotes,CustomerId,NULL,0
Quotes,CustomerContactId,NULL,0
Quotes,DirectionId,NULL,0
Quotes,FromPartnerAddressId,NULL,0
Quotes,FromPartnerId,NULL,0
Quotes,FromPortId,NULL,0
Quotes,IncotermId,NULL,0
Quotes,MainCarriageCarrierId,NULL,0
Quotes,CreatedByUserId,NULL,0
Quotes,PackageType2Id,NULL,0
Quotes,PackageType3Id,NULL,0
Quotes,PackageType4Id,NULL,0
Quotes,PackageType5Id,NULL,0
Quotes,BranchId,NULL,0
Quotes,BusinessUnitId,NULL,0
Quotes,SaleCurrencyId,NULL,0
Quotes,DepartmentId,NULL,0
Quotes,PackageType1Id,NULL,0
Quotes,QuoteCustomerTypeCode,NULL,0
Quotes,QuoteTypeCode,NULL,0
Quotes,ShipmentTypeId,NULL,0
Quotes,UpdatedByUserId,NULL,0
Quotes,SalesmanUserId,NULL,0
Quotes,ToPartnerAddressId,NULL,0
Quotes,ToPartnerId,NULL,0
Quotes,ToPortId,NULL,0
Quotes,TransportModeId,NULL,0
Quotes,FreelancerAddressId,NULL,0
Quotes,FreelancerContactId,NULL,0
Quotes,FreelancerId,NULL,0
Quotes,FromAddressCountryId,NULL,0
Quotes,MoveTypeId,NULL,0
Quotes,FromAddressId,NULL,0
Quotes,QuoteClosingReasonCode,NULL,0
Quotes,Tenant; OpenDate DESC,NULL,0
Quotes,QuoteTemplateId,NULL,0
Quotes,RatingCode,NULL,0
Quotes,StageId,NULL,0
Quotes,ToAddressCountryId,NULL,0
Quotes,ValueOfGoodsCurrencyId,NULL,0
Quotes,NotifyId,NULL,0
Quotes,NotifyAddressId,NULL,0
Quotes,NotifyContactId,NULL,0
Quotes,OpportunityId,NULL,0
Quotes,QuoteHTMLDocumentId,NULL,0
CustomerActualDataHistory,Tenant,NULL,0
CustomerActualDataHistory,Tenant; StartDateTime,NULL,0
SLAEscalationRecepients,PreDefinitionId,NULL,0
SLAEscalationRecepients,SLAEscalationId,NULL,0
SLAEscalationRecepients,UserId,NULL,0
ObjectTableLastUpdates,ObjectTableId,NULL,0
ObjectTableLastUpdates,UpdatedByUserId,NULL,0
ObjectTableLastUpdates,Tenant; LastUpdateDate,NULL,0
EventTypes,Tenant,NULL,0
EventTypes,Tenant; Code; ObjectTableId,NULL,0
EventTypes,AgentRoleId,NULL,0
EventTypes,CustomerRoleId,NULL,0
EventTypes,EventTypeCategoryCode,NULL,0
EventTypes,EntityStatusId,NULL,0
EventTypes,ObjectTableId,NULL,0
EventTypes,Tenant; Code; ObjectTableId,NULL,0
CustomerAdditionalServices,AdditionalServiceId,NULL,0
SLAEscalations,EscalationActionTimeIndicator,NULL,0
SLAEscalations,EscalationTimeUnit,NULL,0
SLAEscalations,SLAHeaderId,NULL,0
BookingPackages,BookingId,NULL,0
BookingPackages,CommodityId,NULL,0
BookingPackages,PackageTypeId,NULL,0
QuoteStages,UpdatedByUserId,NULL,0
ObjectTableRuleFields,ObjectFieldId,NULL,0
ObjectTableRuleFields,ObjectTableRuleId,NULL,0
ObjectTableRuleFields,RuleNotificationTypeCode,NULL,0
BankAccountLites,CurrencyId,NULL,0
DocumentsExecutionLogs,CreatedByUserId,NULL,0
DocumentsExecutionLogs,StatusCode,NULL,0
SLAHeaders,CreatedByUserId,NULL,0
SLAHeaders,UpdatedByUserId,NULL,0
AgentSharedDocuments,ShipmentLevelCode,NULL,0
AgentSharedDocuments,AgentId,NULL,0
AgentSharedDocuments,StatusCode,NULL,0
BookingProducts,AirlineId,NULL,0
QuoteTemplateDetailsFields,QuoteTemplateId,NULL,0
ReportsTemplates,ReportId,NULL,0
ReportsTemplates,UpdatedByUserId,NULL,0
ReportsTemplates,CreatedByUserId,NULL,0
ObjectTableRules,TriggerFieldId,NULL,0
ObjectTableRules,ObjectTableId,NULL,0
ObjectTableRules,RuleTypeCode,NULL,0
ObjectTableRules,TriggerTypeCode,NULL,0
ObjectTableRules,RuleNotificationTypeCode,NULL,0
AccountingIntegrityChecks,StatusCode,NULL,0
SLALines,BusinessHoursId,NULL,0
SLALines,FirstResponseTimeUnit,NULL,0
SLALines,ResolveWithinTimeUnit,NULL,0
SLALines,SeverityId,NULL,0
SLALines,SLAHeaderId,NULL,0
Bookings,AWBSpecialHandlingCodeId1,NULL,0
Bookings,AWBSpecialHandlingCodeId2,NULL,0
Bookings,AWBSpecialHandlingCodeId3,NULL,0
Bookings,AWBSpecialHandlingCodeId4,NULL,0
Bookings,AWBSpecialHandlingCodeId5,NULL,0
Bookings,AWBSpecialHandlingCodeId6,NULL,0
Bookings,AWBSpecialHandlingCodeId7,NULL,0
Bookings,AWBSpecialHandlingCodeId8,NULL,0
Bookings,AWBSpecialHandlingCodeId9,NULL,0
Bookings,BookingLevelCode,NULL,0
Bookings,BookingProductId,NULL,0
Bookings,BookingStatusCode,NULL,0
Bookings,ChargeableWeightUnitCode,NULL,0
Bookings,ConsigneeAddressId,NULL,0
Bookings,ConsigneeId,NULL,0
Bookings,CreatedByUserId,NULL,0
Bookings,DescriptionOfGoodsId,NULL,0
Bookings,DimensionsUnitCode,NULL,0
Bookings,DirectionCode,NULL,0
Bookings,FFRStatusCode,NULL,0
Bookings,GrossWeightUnitCode,NULL,0
Bookings,IATACodeId,NULL,0
Bookings,InterlineId,NULL,0
Bookings,IssuingCarrierAddressId,NULL,0
Bookings,IssuingCarrierAgentId,NULL,0
Bookings,LastSentByUserId,NULL,0
Bookings,MainCarriageCarrierId,NULL,0
Bookings,MainCarriageFinalDestinationPortId,NULL,0
Bookings,MainCarriageFromPortId,NULL,0
Bookings,MainCarriageSpaceAllocationCode,NULL,0
Bookings,MainCarriageToPortId,NULL,0
Bookings,ShipmentId,NULL,0
Bookings,ShipperAddressId,NULL,0
Bookings,ShipperId,NULL,0
Bookings,SpaceAllocationCode,NULL,0
Bookings,TransportModeCode,NULL,0
Bookings,Transshipment1CarrierId,NULL,0
Bookings,Transshipment1FromPortId,NULL,0
Bookings,Transshipment1SpaceAllocationCode,NULL,0
Bookings,Transshipment1ToPortId,NULL,0
Bookings,Transshipment2CarrierId,NULL,0
Bookings,Transshipment2FromPortId,NULL,0
Bookings,Transshipment2SpaceAllocationCode,NULL,0
Bookings,Transshipment2ToPortId,NULL,0
Bookings,UpdatedByUserId,NULL,0
Bookings,VolumeUnitCode,NULL,0
Bookings,Tenant; BookingStatusCode,NULL,0
QuoteTemplateExcludedSections,QuoteId,NULL,0
QuoteTemplateExcludedSections,QuoteTemplateId,NULL,0
QuoteTemplateExcludedSections,QuoteTemplateSectionId,NULL,0
Addresses,CardId,NULL,0
Addresses,CountryId,NULL,0
Addresses,StateId,NULL,0
Addresses,AddressTypeId,NULL,0
Addresses,Tenant; ExternalId,NULL,0
Addresses,AutomaticLastUpdateDate,NULL,0
ReportsTemplatesVersions,UpdatedByUserId,NULL,0
ReportsTemplatesVersions,CreatedByUserId,NULL,0
ReportsTemplatesVersions,ReportId,NULL,0
ReportsTemplatesVersions,TemplateId,NULL,0
ReportsTemplatesVersions,ReportDocumentId,NULL,0
CustomerCustomsAgentByProducts,CustomsAgentId,NULL,0
AccountingNotes,CreatedByUserId,NULL,0
AccountingNotes,UpdatedByUserId,NULL,0
AccountingNotes,CardId,NULL,0
QuoteTemplateHeaderFields,QuoteTemplateId,NULL,0
VATTypesGroups,GroupVATTypeId,NULL,0
VATTypesGroups,SingleVATTypeId,NULL,0
OpenFormatReports,CreatedByUserId,NULL,0
OpenFormatReports,StatusTypeCode,NULL,0
ObjectTables,DescriptionTextCodeId,NULL,0
ObjectTables,MainTipCode,NULL,0
ObjectTables,ObjectTableTypeCode,NULL,0
ObjectTables,HeaderScreenId,NULL,0
ObjectTables,NewButtonTextCodeId,NULL,0
CustomerForwarderByProducts,ForwarderId,NULL,0
QuoteTemplates,CreatedByUserId,NULL,0
QuoteTemplates,FooterDocId,NULL,0
QuoteTemplates,HeaderDocId,NULL,0
QuoteTemplates,OriginalQuoteTemplateId,NULL,0
QuoteTemplates,QuoteTemplateSettingId,NULL,0
QuoteTemplates,TemplateTypeCode,NULL,0
QuoteTemplates,UpdatedByUserId,NULL,0
AdvancedQueryFilters,UserId,NULL,0
AdvancedQueryFilters,ObjectFieldId,NULL,0
AdvancedQueryFilters,QueryId,NULL,0
ObjectTableTabs,FeatureId,NULL,0
ObjectTableTabs,ObjectTableId,NULL,0
ObjectTableTabs,TabNameTextCodeId,NULL,0
GLAccountMoreDatas,AccountId,NULL,0
SpecialServicesTypes,AutomaticLastUpdateDate,NULL,0
QuoteTemplateSectionModifications,QuoteTemplateSectionId,NULL,0
QuoteTemplateSectionModifications,SectionDocId,NULL,0
InterestTransactions,GLAccountId,NULL,0
InterestTransactions,CurrencyId,NULL,0
InterestTransactions,InterestEntityTypeCode,NULL,0
InterestTransactions,InterestEntityTypeCode; EntityId,NULL,0
CustomerMediatorByProducts,MediatorId,NULL,0
ShipmentAssemblies,ShipmentId,NULL,0
ShipmentAssemblies,ShipperId,NULL,0
ShipmentAssemblies,CreatedByUserId,NULL,0
ShipmentAssemblies,UpdatedByUserId,NULL,0
Branches,AddressId,NULL,0
Branches,INTTRAContactId,NULL,0
Branches,AutomaticLastUpdateDate,NULL,0
QuoteTemplateSections,QuoteTemplateId,NULL,0
QuoteTemplateSections,QuoteTemplateSectionTypeCode,NULL,0
QuoteTemplateSections,SectionDocId,NULL,0
AirlineMessagingRules,AirlineId,NULL,0
AirlineMessagingRules,CreatedByUserId,NULL,0
AirlineMessagingRules,RuleFieldId,NULL,0
AirlineMessagingRules,UpdatedByUserId,NULL,0
Features,ObjectTableId,NULL,0
Features,NameTextCodeId,NULL,0
Features,FeatureTypeCode,NULL,0
Features,FeatureUniqeCode,NULL,1
INTTRABranchRegisteredCarriers,UpdatedByUserId,NULL,0
INTTRABranchRegisteredCarriers,ShippingLineId,NULL,0
INTTRABranchRegisteredCarriers,BranchId,NULL,0
RuleUpdateHistories,CreatedByUserId,NULL,0
RuleUpdateHistories,UpdatedByUserId,NULL,0
TMOfficeHours,CreatedByUserId,NULL,0
TMOfficeHours,UpdatedByUserId,NULL,0
TMOfficeHours,UserId,NULL,0
States,CountryId,NULL,0
States,AutomaticLastUpdateDate,NULL,0
BusinessHours,CreatedByUserId,NULL,0
BusinessHours,UpdatedByUserId,NULL,0
CustomsInterfaceSettings,LocalCustomsInterfaceCode,NULL,0
CustomsInterfaceSettings,ImportToUSAInterfaceCode,NULL,0
CustomsInterfaceSettings,ExportFromUSAInterfaceCode,NULL,0
CustomsInterfaceSettings,ArtemusOutSettingsId,NULL,0
CustomsInterfaceSettings,ArtemusInSettingsId,NULL,0
BusinessHoursHolidays,BusinessHourId,NULL,0
BusinessHoursHolidays,CreatedByUserId,NULL,0
BusinessHoursHolidays,UpdatedByUserId,NULL,0
QuoteTemplateSettings,ContainserTableDesignId,NULL,0
QuoteTemplateSettings,DetailsTableDesignId,NULL,0
QuoteTemplateSettings,DetailsTitleDesignId,NULL,0
QuoteTemplateSettings,GroupByContainsersLabelDesignId,NULL,0
QuoteTemplateSettings,GroupByContainsersValueDesignId,NULL,0
QuoteTemplateSettings,GroupByPackagesLabelDesignId,NULL,0
QuoteTemplateSettings,GroupByPackagesValueDesignId,NULL,0
QuoteTemplateSettings,HeaderTableDesignId,NULL,0
QuoteTemplateSettings,PackagesTableDesignId,NULL,0
QuoteTemplateSettings,PageFooterArea1FreeTextDesignId,NULL,0
QuoteTemplateSettings,PageFooterArea1ImageDetailId,NULL,0
QuoteTemplateSettings,PageFooterArea2FreeTextDesignId,NULL,0
QuoteTemplateSettings,PageFooterArea2ImageDetailId,NULL,0
QuoteTemplateSettings,PageFooterArea3FreeTextDesignId,NULL,0
QuoteTemplateSettings,PageFooterArea3ImageDetailId,NULL,0
QuoteTemplateSettings,PageHeaderArea1FreeTextDesignId,NULL,0
QuoteTemplateSettings,PageHeaderArea1ImageDetailId,NULL,0
QuoteTemplateSettings,PageHeaderArea2FreeTextDesignId,NULL,0
QuoteTemplateSettings,PageHeaderArea2ImageDetailId,NULL,0
QuoteTemplateSettings,PageHeaderArea3FreeTextDesignId,NULL,0
QuoteTemplateSettings,PageHeaderArea3ImageDetailId,NULL,0
QuoteTemplateSettings,PricingContainsersTitleDesignId,NULL,0
QuoteTemplateSettings,PricingPackagesTitleDesignId,NULL,0
QuoteTemplateSettings,TotalsContainsersLabelDesignId,NULL,0
QuoteTemplateSettings,TotalsContainsersValueDesignId,NULL,0
QuoteTemplateSettings,TotalsPackagesLabelDesignId,NULL,0
QuoteTemplateSettings,TotalsPackagesValueDesignId,NULL,0
QuoteTemplateSettings,TotalPerContainersAdditionalTextDesignId,NULL,0
QuoteTemplateSettings,TotalPerContainersTableDesignId,NULL,0
AirlineStatistics,ShipmentLevelCode,NULL,0
AirlineStatistics,Tenant; BookingId,NULL,0
AirlineStatistics,Tenant; ShipmentId,NULL,0
OceanInsightsStatuses,CommunicationLogId,NULL,0
OceanInsightsStatuses,ContentDocumentId,NULL,0
OceanInsightsStatuses,OceanInsightsRequestId,NULL,0
BusinessRoles,CreatedByUserId,NULL,0
BusinessRoles,UpdatedByUserId,NULL,0
INTTRASettings,OutSettingsId,NULL,0
INTTRASettings,InSettingsId,NULL,0
INTTRASettings,INTTRASettingModeCode,NULL,0
DocumentTypeCustomsDatas,CustomsDoucumentTypeCode,NULL,0
QuoteTemplateTableDesigns,BorderTypeCode,NULL,0
QuoteTemplateTableDesigns,GroupByDesignId,NULL,0
QuoteTemplateTableDesigns,HeaderDesignId,NULL,0
QuoteTemplateTableDesigns,LinesDesignId,NULL,0
APILogs,Tenant; BatchNumber; CreateDate,NULL,0
APILogs,Tenant; BatchNumber; CreateDate; CustomerId,NULL,0
APILogs,Tenant; CorrelationId,NULL,0
APILogs,CreateDate,NULL,0
APILogs,Id,NULL,0
Opportunities,AgentId,NULL,0
Opportunities,ClosingReasonId,NULL,0
Opportunities,BusinessUnitId,NULL,0
Opportunities,ForeignClientId,NULL,0
Opportunities,LastCompletedActivityTypeCode,NULL,0
Opportunities,LastStageIdBeforeClosure,NULL,0
Opportunities,LeadPartnerId,NULL,0
Opportunities,LeadUserId,NULL,0
Opportunities,NextActivityTypeCode,NULL,0
CustomerFieldsUpdateSettings,ObjectFieldId,NULL,0
CustomerProducts,PrepaidCollectId,NULL,0
TarrifCharges,ChargesTypeId,NULL,0
TarrifCharges,CurrencyId,NULL,0
TarrifCharges,MeasurementId,NULL,0
TarrifCharges,TarrifHeaderId,NULL,0
QuoteTemplateTextCodes,QuoteTemplateId,NULL,0
SATInterfaceSettings,SATInterfaceCode,NULL,0
SATInterfaceSettings,MetodoPagoCode,NULL,0
APILogsData,Id,NULL,0
OpportunityAdditionalServices,AdditionalServiceId,NULL,0
OpportunityAdditionalServices,OpportunityId,NULL,0
BusinessProcessQueues,CreatedByUserId,NULL,0
BusinessProcessQueues,UpdatedByUserId,NULL,0
BusinessProcessQueues,BusinessRoleId,NULL,0
BusinessProcessQueues,ObjectTableId,NULL,0
CourierDeclarations,DeclarationId,NULL,0
CourierDeclarations,CourierMasterId,NULL,0
Customers,BeforeDeactiveStatusCode,NULL,0
Customers,ClassifierId,NULL,0
Customers,CollectorId,NULL,0
Customers,Tenant,NULL,0
Customers,Tenant; LastShipmentDate DESC,NULL,0
Customers,CustomerSizeId,NULL,0
Customers,CustomerStatusCode,NULL,0
Customers,CustomsAgentId,NULL,0
Customers,BillToId,NULL,0
Customers,AccountManagerUserId,NULL,0
Customers,SalesmanUserId,NULL,0
Customers,RankId,NULL,0
Customers,ForwarderId,NULL,0
Customers,FreelancerId,NULL,0
Customers,MediatorId,NULL,0
Customers,RegionId,NULL,0
Customers,AutomaticLastUpdateDate,NULL,0
Customers,ActivatedByUserId,NULL,0
Customers,SetAsInactiveByUserId,NULL,0
Customers,ActivationRequestedByUserId,NULL,0
TarrifFromToes,CountryId,NULL,0
TarrifFromToes,PortId,NULL,0
TarrifFromToes,TarrifFromToTypeCode,NULL,0
TarrifFromToes,TarrifHeaderId,NULL,0
CardContacts,CardId,NULL,0
CardContacts,ContactId,NULL,0
APInvoiceEntities,EntityId,NULL,0
APInvoiceEntities,APInvoiceId,NULL,0
APInvoiceEntities,ObjectTableId,NULL,0
ShipmentContainerStatuses,ShipmentId,NULL,0
ShipmentContainerStatuses,StatusCode,NULL,0
ShipmentContainerStatuses,FromPortId,NULL,0
ShipmentContainerStatuses,ToPortId,NULL,0
ShipmentContainerStatuses,Location,NULL,0
ShipmentContainerStatuses,ContainerId,NULL,0
SupportMailboxes,CreatedByUserId,NULL,0
SupportMailboxes,UpdatedByUserId,NULL,0
CourierMasters,CreatedByUserId,NULL,0
CourierMasters,GatewayPortCode,NULL,0
CourierMasters,OriginPortCode,NULL,0
CourierMasters,UpdatedByUserId,NULL,0
CourierMasters,AirlineId,NULL,0
CourierMasters,MAWBTypeCode,NULL,0
CourierMasters,WeightValueCode,NULL,0
TaxReports,CreatedByUserId,NULL,0
TaxReports,UpdatedByUserId,NULL,0
TaxReports,StatusCode,NULL,0
CustomerSalesmanByProducts,SalesmanUserId,NULL,0
CustomerSalesmanByProducts,Tenant; CustomerId,NULL,0
CardExternalCodeByCurrencies,CurrencyId,NULL,0
CardExternalCodeByCurrencies,CardId,NULL,0
APInvoiceLines,EntityId,NULL,0
APInvoiceLines,APInvoiceId,NULL,0
APInvoiceLines,ChargesTypeId,NULL,0
APInvoiceLines,VatTypeId,NULL,0
APInvoiceLines,Tenant; EntityPayableId,NULL,0
APInvoiceLines,PrepaidCollectId,NULL,0
APInvoiceLines,ContainerTypeId,NULL,0
Teams,CreatedByUserId,NULL,0
Teams,UpdatedByUserId,NULL,0
Teams,ManagerUserId,NULL,0
FlightsSchedulesRequests,AirlineId,NULL,0
FlightsSchedulesRequests,CreatedByUserId,NULL,0
FlightsSchedulesRequests,FromPortId,NULL,0
FlightsSchedulesRequests,GrossWeightUnitCode,NULL,0
FlightsSchedulesRequests,StatusCode,NULL,0
FlightsSchedulesRequests,ToPortId,NULL,0
FlightsSchedulesRequests,VolumeUnitCode,NULL,0
FlightsSchedulesRequests,RequestDetails,NULL,0
CustomerSalesNote,CreatedByUserId,NULL,0
CustomerSalesNote,CustomerId,NULL,0
CustomerSalesNote,UpdatedByUserId,NULL,0
TarrifHeaders,CardId,NULL,0
TarrifHeaders,TarrifTypeCode,NULL,0
DocumentFilingBackupSettings,FTPDetailId,NULL,0
Cards,Tenant; CreateDate DESC,NULL,0
Cards,CountryId,NULL,0
Cards,CreatedByUserId,NULL,0
Cards,ImageDetailId,NULL,0
Cards,VatTypeId,NULL,0
Cards,InvoiceCurrencyId,NULL,0
Cards,PartnerTypeId,NULL,0
Cards,PaymentTermId,NULL,0
Cards,SharedLogisticsInvitationStatusCode,NULL,0
Cards,PrimaryContactId,NULL,0
Cards,SalesmanUserId,NULL,0
Cards,UpdatedByUserId,NULL,0
Cards,Tenant; InActive; PartnerTypeId; EnglishName,NULL,0
Cards,Tenant; InActive; PartnerTypeId; IsCustomer,NULL,0
Cards,Code,NULL,0
Cards,MetodoPagoCode,NULL,0
Cards,UsoCFDICode,NULL,0
Cards,AutomaticLastUpdateDate,NULL,0
Ranks,AutomaticLastUpdateDate,NULL,0
APInvoicePayments,APInvoiceId,NULL,0
APInvoicePayments,APPaymentId,NULL,0
APInvoicePayments,ForeignCurrencyId,NULL,0
UIMessageAdditionals,Code,NULL,0
CardContactProducts,CardContactId,NULL,0
CardContactProducts,ProductTypeCode,NULL,0
CustomerSizes,AutomaticLastUpdateDate,NULL,0
TarrifSteps,TarrifHeaderId,NULL,0
APInvoices,ApprovedByUserId,NULL,0
APInvoices,StatusCode,NULL,0
APInvoices,TransferStatusCode,NULL,0
APInvoices,BranchId,NULL,0
APInvoices,PaymentTermId,NULL,0
APInvoices,CreatedByUserId,NULL,0
APInvoices,InvoiceCurrencyId,NULL,0
APInvoices,LocalCurrencyId,NULL,0
APInvoices,ProfitCurrencyId,NULL,0
APInvoices,VendorId,NULL,0
APInvoices,UpdatedByUserId,NULL,0
APInvoices,VendorId,NULL,0
APInvoices,MainEntityId,NULL,0
APInvoices,Tenant; StatusCode,NULL,0
APInvoices,VendorGLAccountId,NULL,0
CashBookLines,ARPChequeId,NULL,0
CashBookLines,CashBookId,NULL,0
FlightsSchedulesResponses,AirlineId,NULL,0
FlightsSchedulesResponses,FromPortId,NULL,0
FlightsSchedulesResponses,RequestId,NULL,0
FlightsSchedulesResponses,ToPortId,NULL,0
AccountingPartners,Id,NULL,0
OpportunityProducts,PrepaidCollectId,NULL,0
TariffVersionAllInCharges,ChargesTypeId,NULL,0
TariffVersionAllInCharges,AddedByUserId,NULL,0
CashBooks,AccountId,NULL,0
CashBooks,BranchId,NULL,0
CashBooks,CashBookTypeCode,NULL,0
CashBooks,CreatedByUserId,NULL,0
CashBooks,CurrencyId,NULL,0
CashBooks,UpdatedByUserId,NULL,0
RatesTables,BaseCurrencyId,NULL,0
RatesTables,ForeignCurrencyId,NULL,0
CustomerTenantAccessCards,CreateByUserId,NULL,0
CustomerTenantAccessCards,CustomerId,NULL,0
CustomerTenantAccessCards,CustomerTenantAccessId,NULL,0
CustomerTenantAccessCards,StatusTypeCode,NULL,0
TaskSchedulerHistory,TaskId,NULL,0
TaskSchedulerHistory,LogDocumentId,NULL,0
TaskSchedulerHistory,StartDateTime,NULL,0
TaskSchedulerHistory,EndDateTime,NULL,0
APInvoiceTotalVATs,APInvoiceId,NULL,0
APInvoiceTotalVATs,VatTypeId,NULL,0
OpportunityStages,FromStageId,NULL,0
OpportunityStages,OpportunityId,NULL,0
OpportunityStages,ToStageId,NULL,0
TariffLines,OriginPortId,NULL,0
TariffLines,DestinationPortId,NULL,0
CustomerTenantAccessCardsBatches,CustomerId,NULL,0
CustomerTenantAccessCardsBatches,CustomerTenantAccessId,NULL,0
TenantLoginPolicies,LoginPolicyCode,NULL,0
LBPTeamMembers,MemberUserId,NULL,0
LBPTeamMembers,TeamId,NULL,0
LBPTeamMembers,AddedByUserId,NULL,0
LBPTeamMembers,MemberTeamId,NULL,0
Tariffs,CreatedByUserId,NULL,0
Tariffs,UpdatedByUserId,NULL,0
Tariffs,SellerId,NULL,0
Tariffs,Surcharge1Id,NULL,0
Tariffs,Surcharge2Id,NULL,0
Tariffs,Surcharge3Id,NULL,0
Tariffs,Surcharge4Id,NULL,0
Tariffs,Surcharge5Id,NULL,0
Tariffs,Surcharge6Id,NULL,0
Tariffs,Surcharge7Id,NULL,0
Tariffs,Surcharge8Id,NULL,0
Tariffs,Surcharge9Id,NULL,0
Tariffs,Surcharge10Id,NULL,0
Tariffs,Surcharge1UOM,NULL,0
Tariffs,Surcharge2UOM,NULL,0
Tariffs,Surcharge3UOM,NULL,0
Tariffs,Surcharge4UOM,NULL,0
Tariffs,Surcharge5UOM,NULL,0
Tariffs,Surcharge6UOM,NULL,0
Tariffs,Surcharge7UOM,NULL,0
Tariffs,Surcharge8UOM,NULL,0
Tariffs,Surcharge9UOM,NULL,0
Tariffs,Surcharge10UOM,NULL,0
Tariffs,ContainerType1Id,NULL,0
Tariffs,ContainerType2Id,NULL,0
Tariffs,ContainerType3Id,NULL,0
Tariffs,ContainerType4Id,NULL,0
Tariffs,ContainerType5Id,NULL,0
FollowUps,DocumentsFilingId,NULL,0
FollowUps,EventTypeId,NULL,0
FollowUps,ShipmentId,NULL,0
FollowUps,InternalDocumentId,NULL,0
FollowUps,OwnerUserId,NULL,0
FollowUps,QuoteId,NULL,0
FollowUps,DocumentTypeId,NULL,0
FollowUps,AutomationId,NULL,0
CustomerTenantAccesses,Status,NULL,0
CustomerTenantAccesses,UpdatedByUserId,NULL,0
ClaimImporterDeclarsP3Lois,ClaimId; ImporterLoiDeclarationTypeCode,NULL,0
TaxDeductionReports,CreatedByUserId,NULL,0
TaxDeductionReports,UpdatedByUserId,NULL,0
TaxDeductionReports,StatusTypeCode,NULL,0
ReconciliationLines,CurrencyId,NULL,0
ReconciliationLines,ReconciliationId,NULL,0
ReconciliationLines,TransactionId,NULL,0
TariffTypes,TransportModeCode,NULL,0
FormCustomFields1,DocumentTypeId,NULL,0
FormCustomFields1,ObjectTableId,NULL,0
CustomerTenantAccessRequests,ForwarderId,NULL,0
CustomerTenantAccessRequests,RequestStatus,NULL,0
Tenants,CustomerId,NULL,0
Tenants,AgentId,NULL,0
Tenants,ChargeableWeightUnitCode,NULL,0
Tenants,ExportFreightPrepaidCollectId,NULL,0
Tenants,ExportOtherPrepaidCollectId,NULL,0
Tenants,ImportFreightPrepaidCollectId,NULL,0
Tenants,ImportOtherPrepaidCollectId,NULL,0
Tenants,FreightCurrencyId,NULL,0
Tenants,MasterExportFreightPrepaidCollectId,NULL,0
Tenants,MasterExportOtherPrepaidCollectId,NULL,0
Tenants,MasterImportFreightPrepaidCollectId,NULL,0
Tenants,MasterImportOtherPrepaidCollectId,NULL,0
Tenants,OtherChargesCurrencyId,NULL,0
Tenants,PasswordPolicyCode,NULL,0
Tenants,ProfitCurrencyId,NULL,0
Tenants,QuoteSaleCurrencyId,NULL,0
Tenants,AddressId,NULL,0
Tenants,CurrencyId,NULL,0
Tenants,DimensionsUnitCode,NULL,0
Tenants,PaymentTermId,NULL,0
Tenants,VolumeUnitCode,NULL,0
Tenants,WeightMeasurementUnitCode,NULL,0
Tenants,GrossWeightUnitCode,NULL,0
Tenants,VatFormatCountryId,NULL,0
Tenants,VatFormatTypeCode,NULL,0
Tenants,VatMandatoryCountryId,NULL,0
Tenants,VatMandatoryTypeCode,NULL,0
Tenants,VatUniqueCountryId,NULL,0
Tenants,VatUniqueTypeCode,NULL,0
Tenants,TemperatureUnitCode,NULL,0
Tenants,AutomaticLastUpdateDate,NULL,0
Tenants,LocalAddressId,NULL,0
Tenants,NumberFormatCode,NULL,0
Tenants,CheckDigitControlAlgorithmCode,NULL,0
PackageConnectedPackages,ConnectedPackageCode,NULL,0
PackageConnectedPackages,PackageCode,NULL,0
ClaimImporterDeclarsPage3As,ClaimId,NULL,0
ClaimImporterDeclarsPage3As,CommercialSaleTypeCode,NULL,0
TwoFactorAuthenticationDevices,UserId,NULL,0
Reconciliations,AccountId,NULL,0
Reconciliations,CreatedByUserId,NULL,0
TariffVersions,CreatedByUserId,NULL,0
TariffVersions,ApprovedByUserId,NULL,0
CustomsTransferHeaders,CreatedByUserId,NULL,0
CustomsTransferHeaders,CustomsTransferTypeCode,NULL,0
FullAccountingSettings,AirExportJobControlAccountId,NULL,0
FullAccountingSettings,AirImportJobControlAccountId,NULL,0
FullAccountingSettings,AutomaticReconcileMethodId,NULL,0
FullAccountingSettings,CustomerControlAccountId,NULL,0
FullAccountingSettings,DefaultVATTypeId,NULL,0
FullAccountingSettings,ExchangeRateDiffGLAccountId,NULL,0
FullAccountingSettings,FileControlAccountId,NULL,0
FullAccountingSettings,JobControlAccountId,NULL,0
FullAccountingSettings,OceanExportJobControlAccountId,NULL,0
FullAccountingSettings,OceanImportJobControlAccountId,NULL,0
FullAccountingSettings,RevenueExpenseGLAccountId,NULL,0
FullAccountingSettings,VATInputsGLAccountId,NULL,0
FullAccountingSettings,VATOutputGLAccountId,NULL,0
FullAccountingSettings,VendorControlAccountId,NULL,0
FullAccountingSettings,TaxWithholdingGLAccountId,NULL,0
FullAccountingSettings,ExternalReconciliationDefault,NULL,0
FullAccountingSettings,CustomsGLAccountId,NULL,0
FullAccountingSettings,DefaultDifferencesGLAccountId,NULL,0
FullAccountingSettings,DefaultExternalDiffGLAccountId,NULL,0
TenantSettings,ObjectTableId,NULL,0
APPayments,ApprovedByUserId,NULL,0
APPayments,StatusCode,NULL,0
APPayments,BranchId,NULL,0
APPayments,CreatedByUserId,NULL,0
APPayments,CreditCardTypeId,NULL,0
APPayments,LocalCurrencyId,NULL,0
APPayments,PaymentCurrencyId,NULL,0
APPayments,PrintedByUserId,NULL,0
APPayments,VendorAddressId,NULL,0
APPayments,VendorId,NULL,0
APPayments,UpdatedByUserId,NULL,0
APPayments,VendorAddressId,NULL,0
APPayments,VendorId,NULL,0
APPayments,TransferStatusCode,NULL,0
APPayments,PaymentMethodId,NULL,0
PackageFeatures,FeatureId,NULL,0
PackageFeatures,PackageCode,NULL,0
PackageFeatures,PackageCode,NULL,0
ClaimImporterDeclarsPage3Bs,ClaimId,NULL,0
TeamMemberBusinessRoles,TeamMemberId,NULL,0
TeamMemberBusinessRoles,AddedByUserId,NULL,0
TeamMemberBusinessRoles,BusinessRoleId,NULL,0
Regions,AutomaticLastUpdateDate,NULL,0
CustomsTransferLines,CustomsTransferHeaderId,NULL,0
Packages,FeaturePackageTypeCode,NULL,0
ClaimImporterDeclarsPage3s,ClaimId,NULL,0
GLAccountCurrencies,CurrencyId,NULL,0
GLAccountCurrencies,MainGLAccountId,NULL,0
GLAccountCurrencies,GLAccountId,NULL,0
CustomPickLists,AutomaticLastUpdateDate,NULL,0
TermsofUseSignatures,ContactId,NULL,0
TermsofUseSignatures,TermsofUseVersion,NULL,0
ARInvoiceEntities,EntityId,NULL,0
ARInvoiceEntities,ARInvoiceId,NULL,0
ARInvoiceEntities,ObjectTableId,NULL,0
PackageTypes,MeasurementId,NULL,0
PackageTypes,Tenant,NULL,0
Claims,AccountCountryCode,NULL,0
Claims,AccountCurrencyTypeCode,NULL,0
Claims,BankTypeCode,NULL,0
Claims,BeneficiaryActivityTypeCode,NULL,0
Claims,ClaimSubmiterTypeCode,NULL,0
Claims,ClientId,NULL,0
Claims,ImporterClaimTypeCode,NULL,0
Claims,PassportCountryTypeCode,NULL,0
Claims,PassportTypeCode,NULL,0
ReportModifications,PackageId,NULL,0
ReportModifications,ReportDocumentId,NULL,0
TMEmployeeTimes,CreatedByUserId,NULL,0
TMEmployeeTimes,UpdatedByUserId,NULL,0
TMEmployeeTimes,EmployeeUserId,NULL,0
TMEmployeeTimes,ProjectId,NULL,0
TMEmployeeTimes,LocationCode,NULL,0
GLAccounts,AccountTypeCode,NULL,0
GLAccounts,AutomaticReconcileId,NULL,0
GLAccounts,Category1Id,NULL,0
GLAccounts,Category2Id,NULL,0
GLAccounts,Category3Id,NULL,0
GLAccounts,Category4Id,NULL,0
GLAccounts,Category5Id,NULL,0
GLAccounts,ChartOfAccountsId,NULL,0
GLAccounts,ChartOfAccountsTypeCode,NULL,0
GLAccounts,ControlAccountId,NULL,0
GLAccounts,CurrencyId,NULL,0
GLAccounts,PreviousChartOfAccountsId,NULL,0
GLAccounts,ReconcileMethodCode,NULL,0
GLAccounts,RevenueExpenseType,NULL,0
GLAccounts,DeductionFileTypeId,NULL,0
GLAccounts,AssessingOfficeCode,NULL,0
GLAccounts,DeductionTypeId,NULL,0
GLAccounts,Tenant; InternalNumber,NULL,0
GLAccounts,DisplayNumber,NULL,0
GLAccounts,CreatedByUserId,NULL,0
GLAccounts,UpdatedByUserId,NULL,0
FeatureToggles,CreatedByUserId,NULL,0
FeatureToggles,UpdatedByUserId,NULL,0
FeatureToggles,ToggleCode,NULL,0
CustomTables,ObjectTableId,NULL,0
ClaimsRelatedEntities,ClaimEntityTypeCode,NULL,0
ClaimsRelatedEntities,ClaimId,NULL,0
ClaimsRelatedEntities,ContinuousMessagesTypeCode,NULL,0
ClaimsRelatedEntities,CustomsBranchCode,NULL,0
ClaimsRelatedEntities,SeconderyClaimEntityCode,NULL,0
ClaimsRelatedEntities,WarehouseTypeCode,NULL,0
ClaimsRelatedEntities,DecisionCode,NULL,0
Reports,FeatureId,NULL,0
Reports,ReportDocumentId,NULL,0
Reports,DefaultTemplateId,NULL,0
Reports,DefaultMessageTemplateId,NULL,0
Participants,ForwarderTenant,NULL,0
Participants,Id,NULL,0
TextCodes,ObjectTableId,NULL,0
TextCodes,TextCodeTypeCode,NULL,0
TextCodes,SpellCheckedByUserId,NULL,0
TextCodes,Tenant,NULL,0
ARInvoiceLines,ChargesTypeId,NULL,0
ARInvoiceLines,ForiegnCurrencyId,NULL,0
ARInvoiceLines,ARInvoiceId,NULL,0
ARInvoiceLines,MeasurementId,NULL,0
ARInvoiceLines,VatTypeId,NULL,0
ARInvoiceLines,LineActionCode,NULL,0
ARInvoiceLines,PrepaidCollectId,NULL,0
ClaimsRelatedEntitiesAmounts,ClaimId; CounterKey,NULL,0
ClaimsRelatedEntitiesAmounts,PaymentTypeCode,NULL,0
ChargesTypes,Tenant,NULL,0
ChargesTypes,ChargesGroupCode,NULL,0
ChargesTypes,DueTypeCode,NULL,0
ChargesTypes,MeasurementId,NULL,0
ChargesTypes,VatTypeId,NULL,0
ChargesTypes,ContainerMeasurementId,NULL,0
ChargesTypes,PayableAccountId,NULL,0
ChargesTypes,ReceivableAccountId,NULL,0
ChargesTypes,IATACodeId,NULL,0
ChargesTypes,ChargesGroupId,NULL,0
ChargesTypes,ReceivablesDefaultCurrencyId,NULL,0
ChargesTypes,PayablesDefaultCurrencyId,NULL,0
Restrictions,ContactTenantId,NULL,0
Restrictions,ObjectFieldId,NULL,0
Restrictions,ObjectTableId,NULL,0
TMProjects,CustomerId,NULL,0
TMProjects,OwnerId,NULL,0
TMProjects,CreatedByUserId,NULL,0
TMProjects,UpdatedByUserId,NULL,0
TMProjects,BudgetId,NULL,0
TMProjects,CategoryId,NULL,0
TMProjects,DayOffTypeCode,NULL,0
PartnerTypes,AutomaticLastUpdateDate,NULL,0
CarrierAreas,CarrierId,NULL,0
CarrierAreas,CreatedByUserId,NULL,0
CarrierAreas,UpdatedByUserId,NULL,0
CarrierAreas,TransportModeCode,NULL,0
ARInvoicePayments,ARPaymentId,NULL,0
ARInvoicePayments,ARInvoiceId,NULL,0
ARInvoicePayments,ForeignCurrencyId,NULL,0
ClaimsRelatedEntitiesReasons,ClaimId; CounterKey,NULL,0
ClaimsRelatedEntitiesReasons,ReasonListTypeCode,NULL,0
ChargeTypeAccountings,ChargeTypeId,NULL,0
ChargeTypeAccountings,VatTypeId,NULL,0
Revaluations,ChartOfAccountsId,NULL,0
Revaluations,CreatedByUserId,NULL,0
Revaluations,GLAccountId,NULL,0
Revaluations,RevaluationsGLAccountId,NULL,0
Revaluations,Status,NULL,0
BIReportFolders,CreatedByUserId,NULL,0
BIReportFolders,UpdatedByUserId,NULL,0
CarrierAreasPorts,CarrierAreaId,NULL,0
CarrierAreasPorts,PortId,NULL,0
CarrierAreasPorts,AddedByUserId,NULL,0
ARInvoices,ApprovedByUserId,NULL,0
ARInvoices,MainEntityId,NULL,0
ARInvoices,CreditedByARInvoiceId,NULL,0
ARInvoices,BranchId,NULL,0
ARInvoices,CreatedByUserId,NULL,0
ARInvoices,BillToAddressId,NULL,0
ARInvoices,BillToId,NULL,0
ARInvoices,CancelledByARInvoiceId,NULL,0
ARInvoices,InvoiceCurrencyId,NULL,0
ARInvoices,StatusCode,NULL,0
ARInvoices,ARInvoiceTypeCode,NULL,0
ARInvoices,PaymentTermId,NULL,0
ARInvoices,PrepaidCollectId,NULL,0
ARInvoices,PrintByUserId,NULL,0
ARInvoices,IssuedByUserId,NULL,0
ARInvoices,LocalCurrencyId,NULL,0
ARInvoices,ProfitCurrencyId,NULL,0
ARInvoices,UpdatedByUserId,NULL,0
ARInvoices,Tenant; InvoiceDate DESC,NULL,0
ARInvoices,MetodoPagoCode,NULL,0
ARInvoices,Tenant; IsClosed; IsCancelled; StatusCode,NULL,0
ARInvoices,SalesmanUserId,NULL,0
ARInvoices,UsoCFDICode,NULL,0
ARInvoices,SATTransferStatusCode,NULL,0
ARInvoices,SATInvoiceStatusCode,NULL,0
ARInvoices,BankAccountLiteId,NULL,0
ARInvoices,BillToAddressId,NULL,0
ClaimsRelatedEntsExpDeclars,ClaimId; CounterKey,NULL,0
InterestBasesTypes,CreatedByUserId,NULL,0
InterestBasesTypes,UpdatedByUserId,NULL,0
TicketClassifications,DefaultSeverityId,NULL,0
TicketClassifications,EmployeeGroupId,NULL,0
TicketClassifications,ManagerUserId,NULL,0
ChartOfAccounts,ParentId,NULL,0
ChartOfAccounts,TypeCode,NULL,0
JournalExternalReconciles,JournalId,NULL,0
JournalExternalReconciles,LedgerTransactionId,NULL,0
JournalExternalReconciles,ReconcileExternalPageLineId,NULL,0
ClaimsRelatedEntsReasonsExps,ClaimExplanationTypeCode,NULL,0
ClaimsRelatedEntsReasonsExps,ClaimId; CounterKey; ReasonListTypeCode,NULL,0
Departments,AutomaticLastUpdateDate,NULL,0
RoleFeatures,FeatureAccessLevelCode,NULL,0
RoleFeatures,FeatureId,NULL,0
RoleFeatures,RoleId,NULL,0
PaymentTerms,FromDateTypeCode,NULL,0
QuoteTotalVATs,QuoteId,NULL,0
QuoteTotalVATs,VatTypeId,NULL,0
WarehouseEntries,CreatedByUserId,NULL,0
WarehouseEntries,UpdatedByUserId,NULL,0
WarehouseEntries,ShipmentTypeId,NULL,0
WarehouseEntries,ShipmentId,NULL,0
WarehouseEntries,WarehouseId,NULL,0
WarehouseEntries,ShipmentLevelCode,NULL,0
WarehouseEntries,FromPortId,NULL,0
WarehouseEntries,ToPortId,NULL,0
WarehouseEntries,ShipperId,NULL,0
WarehouseEntries,ConsigneeId,NULL,0
WarehouseEntries,DirectionId,NULL,0
WarehouseEntries,TransportModeId,NULL,0
WarehouseEntries,FromCountryId,NULL,0
WarehouseEntries,ToCountryId,NULL,0
ARInvoiceTotalVATs,ARInvoiceId,NULL,0
ARInvoiceTotalVATs,VatTypeId,NULL,0
HybridPartners,LogoId,NULL,0
HybridPartners,SmallLogoId,NULL,0
Roles,RoleTypeCode,NULL,0
DeclarationConsAcceptances,DeclarationId,NULL,0
DeclarationConsAcceptances,PackageTypeCode,NULL,0
InterestBasesPeriods,InterestBaseTypeId,NULL,0
InterestBasesPeriods,CreatedByUserId,NULL,0
InterestBasesPeriods,UpdatedByUserId,NULL,0
Tickets,BusinessUnitId,NULL,0
Tickets,CompanyId,NULL,0
Tickets,ContactId,NULL,0
Tickets,CreatedByContactId,NULL,0
Tickets,CreatedbyType,NULL,0
Tickets,EmployeeGroupId,NULL,0
Tickets,LastCompletedActivityTypeCode,NULL,0
Tickets,MainClassificationId,NULL,0
Tickets,NextActivityTypeCode,NULL,0
Tickets,OwnerId,NULL,0
Tickets,SecondaryClassificationId,NULL,0
Tickets,SeverityId,NULL,0
Tickets,Source,NULL,0
Tickets,StageId,NULL,0
Tickets,TicketTypeId,NULL,0
Tickets,UpdatedByUserId,NULL,0
Tickets,SupportMailboxId,NULL,0
Tickets,CustomerContactId,NULL,0
Tickets,EntityType,NULL,0
Commodities,AirlineId,NULL,0
DWObjectFieldCategories,DWCategoryCode,NULL,0
WarehouseEntryPackages,CreatedByUserId,NULL,0
WarehouseEntryPackages,UpdatedByUserId,NULL,0
WarehouseEntryPackages,WarehouseEntryId,NULL,0
WarehouseEntryPackages,PackageTypeId,NULL,0
WarehouseEntryPackages,CountryId,NULL,0
Directions,AutomaticLastUpdateDate,NULL,0
CommunicationAttachments,CommunicationLogId,NULL,0
CommunicationAttachments,DocumentId,NULL,0
CustomsBooks,LastUpdateByUserId,NULL,0
WarehouseEntryPackagesReleases,CreatedByUserId,NULL,0
WarehouseEntryPackagesReleases,UpdatedByUserId,NULL,0
CommunicationLogs,CreateDateUTC,NULL,0
CommunicationLogs,EntityId,NULL,0
CommunicationLogs,DocumentsFilingId,NULL,0
CommunicationLogs,DocumentId,NULL,0
CommunicationLogs,DocumentOutId,NULL,0
CommunicationLogs,ObjectTableId,NULL,0
CommunicationLogs,CommunicationLogTypeCode,NULL,0
CommunicationLogs,CreatedByUserId,NULL,0
CommunicationLogs,CommunicationStatusTypeCode,NULL,0
CommunicationLogs,Tenant,NULL,0
CommunicationLogs,CreateDate DESC,NULL,0
CommunicationLogs,CreateDateUTC; CommunicationStatusTypeCode,NULL,0
CommunicationLogs,ResponseDocumentId,NULL,0
JournalReconciles,JournalId,NULL,0
JournalReconciles,LedgerTransactionId,NULL,0
JournalReconciles,CurrencyId,NULL,0
RuleConditionFields,ObjectFieldId,NULL,0
RuleConditionFields,ObjectTableRuleId,NULL,0
ARPaymentCheques,CurrencyId,NULL,0
ARPaymentCheques,PaymentId,NULL,0
ARPaymentCheques,StatusCode,NULL,0
IATACodes,AirlineId,NULL,0
UserLastSettings,UserId,NULL,0
WarehouseReleasePackages,CreatedByUserId,NULL,0
WarehouseReleasePackages,UpdatedByUserId,NULL,0
WarehouseReleasePackages,WarehouseReleaseId,NULL,0
WarehouseReleasePackages,PackageTypeId,NULL,0
WarehouseReleasePackages,CountryId,NULL,0
DocPrintCopies,DocPrintId,NULL,0
DocPrintCopies,PrintTemplateCopyId,NULL,0
CommunicationLogSteps,DocumentId,NULL,0
GLAccountTotalByMonths,AccountId,NULL,0
GLAccountTotalByMonths,DateTypeCode,NULL,0
GLAccountTotalByMonths,CurrencyId,NULL,0
DWObjectFields,DWObjectTableCode,NULL,0
DWObjectFields,DimensionTableCode,NULL,0
Ports,CountryId,NULL,0
Ports,StateId,NULL,0
Ports,Tenant; InActive; IsAir; EnglishName,NULL,0
Ports,AutomaticLastUpdateDate,NULL,0
ReportExecutionLogs,CreatedByUserId,NULL,0
ReportExecutionLogs,StatusCode,NULL,0
WarehouseReleases,CreatedByUserId,NULL,0
WarehouseReleases,UpdatedByUserId,NULL,0
WarehouseReleases,ShipmentTypeId,NULL,0
WarehouseReleases,ShipmentId,NULL,0
WarehouseReleases,WarehouseId,NULL,0
WarehouseReleases,ShipmentLevelCode,NULL,0
WarehouseReleases,TransportModeId,NULL,0
WarehouseReleases,DirectionId,NULL,0
WarehouseReleases,FromPortId,NULL,0
WarehouseReleases,ToPortId,NULL,0
WarehouseReleases,ToPartnerCardId,NULL,0
WarehouseReleases,ToAddressId,NULL,0
WarehouseReleases,ToAddressCountryId,NULL,0
DocPrints,DataProviderXmlBlobId,NULL,0
DocPrints,EditableFieldsXMLBlobId,NULL,0
DocPrints,PrintTemplateId,NULL,0
DocPrints,PrintTemplateVersionId,NULL,0
CardContactAdditionalServices,CardContactId,NULL,0
CardContactAdditionalServices,AdditionalServiceId,NULL,0
ARPayments,ARAccountId,NULL,0
ARPayments,StatusCode,NULL,0
ARPayments,BranchId,NULL,0
ARPayments,BillToAddressId,NULL,0
ARPayments,BillToId,NULL,0
ARPayments,CreatedByUserId,NULL,0
ARPayments,CreditCardTypeId,NULL,0
ARPayments,DebitAccountId,NULL,0
ARPayments,LocalCurrencyId,NULL,0
ARPayments,PaymentCurrencyId,NULL,0
ARPayments,PrintByUserId,NULL,0
ARPayments,UpdatedByUserId,NULL,0
ARPayments,TransferStatusCode,NULL,0
ARPayments,SATPaymentMethodCode,NULL,0
ARPayments,SATTransferStatusCode,NULL,0
ARPayments,BankAccountLiteId,NULL,0
ARPayments,AccountingPaymentMethodId,NULL,0
ARPayments,CashbookId,NULL,0
ARPayments,MetodoPagoCode,NULL,0
ARPayments,ApprovedByUserId,NULL,0
ImageLibrarys,DocumentId,NULL,0
CustomsItemDetailsHistorys,CustomsItemID,NULL,0
ScreenFields,ObjectFieldId,NULL,0
ScreenFields,ScreenId,NULL,0
ScreenFields,Tenant,NULL,0
InboundEmailLines,CommunicationLogId,NULL,0
InboundEmailLines,InboundEmailId,NULL,0
DocumentFolders,ParentFolderId,NULL,0
Tips,ObjectTableId,NULL,0
Tips,ShortTextCode,NULL,0
ScreenModifications,ScreenId,NULL,0
SharedUserQueries,UserId,NULL,0
SharedUserQueries,QueryId,NULL,0
InboundEmails,CreatedByContactId,NULL,0
InboundEmails,ObjectTableId,NULL,0
Declarations,StorageStatusCode,NULL,0
Declarations,ManifestCargoStatusCode,NULL,0
Declarations,CourierCustomStatusCode,NULL,0
Declarations,AcceptanceStatusCode,NULL,0
Declarations,CourierManifestStatusCode,NULL,0
Declarations,CourierDeclarationStatusCode,NULL,0
Declarations,CourierPaymentStatusCode,NULL,0
Declarations,WeightValue,NULL,0
Declarations,MamanStatusCode,NULL,0
Declarations,CourierSuspentionCode,NULL,0
DocumentIns,ObjectTableId,NULL,0
DocumentIns,DocumentId,NULL,0
DocumentIns,DocumentTypeId,NULL,0
DocumentIns,ReceivedByUserId,NULL,0
TipsVisibilities,TipCode,NULL,0
TipsVisibilities,UserId,NULL,0
ComputingPartnerCodes,ComputingPartnerId,NULL,0
ComputingPartnerCodes,CreatedByUserId,NULL,0
ComputingPartnerCodes,ObjectTableId,NULL,0
ComputingPartnerCodes,UpdatedByUserId,NULL,0
Screens,ObjectTableId,NULL,0
Incoterms,Freight,NULL,0
Incoterms,OtherCharges,NULL,0
Incoterms,AutomaticLastUpdateDate,NULL,0
CustomsDocumentsDefinitions,DocumentTypeCode,NULL,0
CustomsDocumentsDefinitions,TransportationTypeCode,NULL,0
CustomsDocumentsDefinitions,ProcessTypeCode,NULL,0
CustomsDocumentsDefinitions,CargoTypeCode,NULL,0
PrintTemplateCopies,PrintTemplateId,NULL,0
DocumentOutCopies,DocumentId,NULL,0
DocumentOutCopies,DocumentOutId,NULL,0
DocumentOutCopies,DocumentTypeCopyId,NULL,0
DocumentOutCopies,LastPrintedByUserId,NULL,0
ComputingPartners,CreatedByUserId,NULL,0
ComputingPartners,UpdatedByUserId,NULL,0
DWQueryColumns,DWQueryId,NULL,0
DWQueryColumns,DWObjectFieldId,NULL,0
DWQueryColumns,UserId,NULL,0
AutomaticReconcileMethods,AutomaticReconcile1,NULL,0
AutomaticReconcileMethods,AutomaticReconcile2,NULL,0
AutomaticReconcileMethods,AutomaticReconcile3,NULL,0
ShipmentCustomsTransmissions,ShipmentId,NULL,0
ShipmentCustomsTransmissions,CommunicationLogId,NULL,0
ShipmentCustomsTransmissions,MessageCode,NULL,0
ShipmentCustomsTransmissions,Status,NULL,0
ShipmentCustomsTransmissions,SentByUserId,NULL,0
WaterMarks,TableName,NULL,0
WaterMarks,LastUpdateDate,NULL,0
GLAccountWithholdingTax,CreatedByUserId,NULL,0
GLAccountWithholdingTax,GLAccountId,NULL,0
SharedFollowedShipments,ContactId,NULL,0
SharedFollowedShipments,Tenant; ContactId; ShipmentId,NULL,0
SharedFollowedShipments,ShipmentId,NULL,0
PrintTemplateCustomFields,PrintTemplateId,NULL,0
PrivateWaterMarks,TableName,NULL,0
PrivateWaterMarks,LastUpdateDate,NULL,0
PrivateWaterMarks,PrivateTenant,NULL,0
Industries,AutomaticLastUpdateDate,NULL,0
GLAccountInterestPeriods,UpdatedByUserId,NULL,0
GLAccountInterestPeriods,CreatedByUserId,NULL,0
GLAccountInterestPeriods,CreditInterestRateBaseId,NULL,0
GLAccountInterestPeriods,ExceptionalInterestRateBaseId,NULL,0
GLAccountInterestPeriods,StandardInterestRateBaseId,NULL,0
GLAccountInterestPeriods,GLAccountId,NULL,0
DocumentOuts,XamlDocumentId,NULL,0
DocumentOuts,IssuedByUserId,NULL,0
DocumentOuts,Id,NULL,0
TraceEvents,EventTypeId,NULL,0
TraceEvents,ObjectTableId,NULL,0
TraceEvents,UserId,NULL,0
TraceEvents,Tenant; EntityId,NULL,0
TraceEvents,Tenant; LogDateTime DESC,NULL,0
TraceEvents,Tenant; ExternalId,NULL,0
TraceEvents,ObjectTableId; Tenant; EntityId,NULL,0
ComputingPartnerTables,ComputingPartnerId,NULL,0
ComputingPartnerTables,CreatedByUserId,NULL,0
ComputingPartnerTables,ObjectTableId,NULL,0
ComputingPartnerTables,UpdatedByUserId,NULL,0
DWQueries,CreatedByUserId,NULL,0
DWQueries,UpdateByUserId,NULL,0
JournalMoreDatas,JournalId,NULL,0
DeclarationCourierStatuses,DeclarationId,NULL,0
DeclarationCourierStatuses,CourierPendingReasonCode,NULL,0
PrintTemplateFormCustomFields,PrintTemplateId,NULL,0
NotificationReplies,NotificationId,NULL,0
NotificationReplies,RepliedByUserId,NULL,0
Documents,Tenant,NULL,0
CardExternalAccountsByProducts,CardId,NULL,0
CardExternalAccountsByProducts,ProductTypeCode,NULL,0
CardExternalAccountsByProducts,UpdatedByUserId,NULL,0
ComputingPartnerTranslations,ComputingPartnerId,NULL,0
ComputingPartnerTranslations,CreatedByUserId,NULL,0
ComputingPartnerTranslations,ObjectTableId,NULL,0
ComputingPartnerTranslations,UpdatedByUserId,NULL,0
DWQueryFilters,DWQueryId,NULL,0
DWQueryFilters,DWObjectFieldId,NULL,0
DWQueryFilters,UserId,NULL,0
AutomationHistorys,AutomationsId,NULL,0
dw_Incoterms,Id,NULL,0
dw_Incoterms,AutomaticLastUpdateDate,NULL,0
dw_Currencies,Id,NULL,0
dw_Currencies,AutomaticLastUpdateDate,NULL,0
dw_WaterMarks,TableName,NULL,0
dw_WaterMarks,LastUpdateDate,NULL,0
DIM_Directions,Code,NULL,0
DIM_TransportModes,Code,NULL,0
DIM_Levels,Code,NULL,0
DIM_Types,Code,NULL,0
DIM_Branches,Id,NULL,0
DIM_ShipmentStatuses,Id,NULL,0
DIM_Partners,Id,NULL,0
DIM_Ports,Id,NULL,0
DIM_Users,Id,NULL,0
DIM_Departments,Id,NULL,0
DIM_Incoterms,Id,NULL,0
DIM_Currencies,Id,NULL,0
Fact_Shipments,Id,NULL,0
AnalyzeQueues,Status,NULL,0
AnalyzeQueues,Tenant,NULL,0
AnalyzeQueues,CreateDate,NULL,0
AnalyzeQueues,CreateDate; Tenant,NULL,0
AnalyzeQueues,CreateDate; Tenant; Status,NULL,0
BatchServicesDefinitionMods,Code,NULL,0
BluesnapContracts,BluesnapContractTypeCode,NULL,0
WaterMarks,TableName,NULL,0
WaterMarks,LastUpdateDate,NULL,0
ConvertProgramInfoes,GlobalDBId,NULL,0
GlobalContacts,GlobalTenantId,NULL,0
GlobalContacts,GlobalTenantId; Email,NULL,0
GlobalTenants,GlobalDBId,NULL,0
GlobalTenants,PrivateLabelId,NULL,0
dw_DWHSettings,Tenant,NULL,0
dw_DWHSettings,AutomaticLastUpdateDate,NULL,0
MobileNotificationLogs,Email; IsDelete; CreateDate,NULL,0
dw_Addresses,Id,NULL,0
dw_Addresses,AutomaticLastUpdateDate,NULL,0
dw_Countries,Id,NULL,0
dw_Countries,AutomaticLastUpdateDate,NULL,0
dw_States,Id,NULL,0
dw_States,AutomaticLastUpdateDate,NULL,0
dw_PartnerTypes,Id,NULL,0
dw_PartnerTypes,AutomaticLastUpdateDate,NULL,0
dw_Directions,Id,NULL,0
dw_Directions,AutomaticLastUpdateDate,NULL,0
dw_TransportModes,Id,NULL,0
dw_TransportModes,AutomaticLastUpdateDate,NULL,0
dw_Levels,Code,NULL,0
dw_Levels,AutomaticLastUpdateDate,NULL,0
dw_Types,Id,NULL,0
dw_Types,AutomaticLastUpdateDate,NULL,0
dw_Branches,Id,NULL,0
dw_Branches,AutomaticLastUpdateDate,NULL,0
dw_ShipmentStatuses,Id,NULL,0
dw_ShipmentStatuses,AutomaticLastUpdateDate,NULL,0
dw_Ranks,Id,NULL,0
dw_Ranks,AutomaticLastUpdateDate,NULL,0
dw_Shipments,Id,NULL,0
dw_Shipments,AutomaticLastUpdateDate,Id; Tenant; ShipmentNumber; House; BranchId; IncotermId; SalesmanUserId; DepartmentId; ShipmentTypeId; ShipperId; ConsigneeId; TransportModeId; DirectionId; AgentId; IsOperationalClosed; ChargeableWeightInKG; GrossWeightInKG; VolumeInCBM; NumberOfContainers; NumberOfPackages; StatusId; IsAccountingClosed; AccountedReceivablesInLocalCurrency; ProfitInLocalCurrency; CustomerId; ProfitCurrencyId; ProfitInProfitCurrency; AccountedReceivablesInProfitCurrency; MasterShipmentDataId; FromPortId; ToPortId; ShipmentLevelCode; AccountedPayablesInLocalCurrency; AccountedPayablesInProfitCurrency; FinalArrivalDate; AccountManagerUserId; StatusLocation; CustomsClearanceDate; ForwarderPartnerId; CustomAgentExportId; CustomAgentImportId; ValueOfGoodsCurrencyId; WarehouseLegWarehouseId,0
dw_Shipments,AutomaticLastUpdateDate,NULL,0
PerformanceLogs,LogDateTimeGMT,NULL,0
TenantManagements,AWBMessagesCCSTypeCode,NULL,0
TenantManagements,PaymentChannelCode,NULL,0
TenantManagements,PaymentMethodCode,NULL,0
TenantManagements,RecurringPeriodCode,NULL,0
TenantManagements,PaymentCurrencyCode,NULL,0
TenantManagements,TenantTypeCode,NULL,0
TenantManagements,BluesnapContractId,NULL,0
TenantManagements,BluesnapCRMContractId,NULL,0
TenantManagements,BluesnapEAWBContractId,NULL,0
TenantManagements,BluesnapEAWBSContractId,NULL,0
TenantManagements,BluesnapInttraStockContractId,NULL,0
dw_ShipmentMasterDatas,Id,NULL,0
dw_ShipmentMasterDatas,AutomaticLastUpdateDate,NULL,0
dw_Partners,Id,NULL,0
dw_Partners,AutomaticLastUpdateDate,NULL,0
dw_Ports,Id,NULL,0
dw_Ports,AutomaticLastUpdateDate,NULL,0
dw_Users,Id,NULL,0
dw_Users,AutomaticLastUpdateDate,NULL,0
dw_Contacts,Id,NULL,0
dw_Contacts,AutomaticLastUpdateDate,NULL,0
dw_Customers,Id,NULL,0
dw_Customers,AutomaticLastUpdateDate,NULL,0
dw_Tenants,Id,NULL,0
dw_Tenants,AutomaticLastUpdateDate,NULL,0
dw_Departments,Id,NULL,0
dw_Departments,AutomaticLastUpdateDate,NULL,0
FailedLoginLogs,GMTDateTime,NULL,0
FailedTokenLogs,GMTDateTime,NULL,0
ErrorLogs,LogDate,NULL,0