מפתח,חטיבה,חטיבה (כן/לא),רמה,WCOID,Occurence,האם שונה ביחס למסר המקור,XML Tag Name,"הצהרה
M/C/O/N",שם שדה/חטיבה,תיאור/ הערות,תיאור WCO,פורמט,Data Type,שם שדה בדור קיים,שם טבלה DATA BASE,מספר טבלה DATA BASE
1,declaration,כן,0,42A,1,לא,Declaration,M,הצהרת יבוא,הצהרת יבוא IM1,,,חטיבה,,,
2,declaration,לא,1,023,0..1,לא,|____ AcceptanceDateTime,N,תאריך בו נקלט המסר ההצהרה,התאריך בו נקלט מסר ההצהרה. סוכן המכס לא מזין תאריך זה.,Date on which a Goods declaration has been or will be accepted by Customs in accordance with Customs legislation.,"an..17
UNTDID 2379 = 304   CCYYMMDDHHMMSSZZZ         Z=Time zone.
",Date Time,tarich-hishuv-tiuta,,
5,declaration,לא,1,065,1..1,לא,|____ DeclarationOfficeID,M,קוד בית מכס המטפל,בית המכס (תחנת המכס) שאליו מוגשת ההצהרה ואחראי על הטיפול בה.,To identify a location at which a declaration is lodged.,an..17,Identifier,MIS-TACHANAT-MECHES,CustomsHouseType,2011
8,declaration,לא,1,D014,0..1,לא,|____ ID,C,זיהוי הצהרה במערכת המכס,"מספר הניתן ע""י מערכת המכס ומשמש לזיהוי ההצהרה בצורה חד ערכית. יש להוסיף את ההסבר לאופן קביעת המספר.
בעת השידור של הטיוטא הראשונה שדה זה יהיה רק. המספר יקבע ע""י המכס (לפי ההסבר לעיל). לאחר מכן בכל שידור נוסף של טיוטא זו, שתזוהה לפי מזהה תיק סוכן ומזהה רשומת סוכן,  חובה לשלוח את מספר ההצרה כפי נקבע במכס.",Reference number identifying a specific document.,an..35,Identifier,MIS-SHLIFA,,
10,declaration,לא,1,D011,0..1,לא,|____ IssueDateTime,O,תאריך יצירת הצהרה,"שדה זה הינו לשימוש פנימי של המכס, השדה מיועד עבור הנתון של תאריך החתימה על הצהרת היבוא אצל הסוכן וישלח במקרים בהם המסר מיועד לחול. השדה יישתל ע""י מערכת המכס והינו אינפרמטיבי בלבד ולכן לא יוצלב מול נתונים אחרים במערכת.","Date at which a declaration was issued and when appropriate, signed or otherwise authenticated.","an..17
UNTDID 2379 = 304   CCYYMMDDHHMMSSZZZ         Z=Time zone.
",Date Time,,,
17,declaration,לא,1,D013,1..1,לא,|____ TypeCode,M,סוג הצהרה,סוג ההצרה מציין שזו הצהרת יבוא,Code specifying the name of a document.,an..3, Code,SUG-RESH,LeadDocumentType,1375
1851,declaration,כן,1,01L,1..1,כן,|____ DMExtensions,M,הרחבות ישראליות,תוספת של שדות יחודיים למכס הישראלי ברמת ההצרה כולה,,,חטיבה,,,
3,declaration,לא,2,382,1..1,לא,|           |____ TaxationDateTime,C,תאריך חישוב מיסים,"במסר הטיוטא השדה מציין את התאריך המבוקש לחישוב המסים.  התאריך משמש בשלב זה כתאריך הגשה משוער. השדה הוא חובה בכל תהליך למעט בתהליך ""הצהרה שמחליפה מ.ר."" שאז התאריך נקבע אוטומטית לפי תאריך אישור בקשת ההעברה של המ.ר..
סוכן המכס עשוי לבקש לחשב את המיסים לא לפי התאריך היום אלא לפי חישוב עתידי. (למשל ידוע שהולך להיות שינוי במיסוי והוא מעוניין לדעת אם עדיף לו להגיש היום או להגיש לאחר השינוי).
התאריך חייב להיות שווה או גדול מהיום וקטן מפרמטר הגשה עתידית (כיום 3 ימי עסקים, לפי טבלת החלטה תהליך וימי פעילות).
יש להדגיש כי במסר ההגשה, שהוא מסר נפרד, יהיה תאריך ההגשה הסופי שיכול להיות גם עתידי, והוא יהיה תאריך חישוב המסים בסופו של דבר לצורך התשלום.",Date on which tax is due or calculated.,"an..17
UNTDID 2379 = 304   CCYYMMDDHHMMSSZZZ         Z=Time zone.
", Date Time,,,
1732,declaration,לא,2,I02,0..1,כן,|           |____ AgentFileReferenceID,C,מזהה תיק סוכן,זיהוי של התיק במערכת סוכן המכס.,#N/A,an..35, Identifier,MIS-TIK-SOCHEN,,
1733,declaration,לא,2,I03,0..1,כן,|           |____ ExternalDeclarationID,C,מזהה רשומת סוכן,"מזהה פנימי של ההצהרה במערכת סוכן מכס.
יש להבהיר שמזהה רשומת הסוכן חייב להיות חד-ערכי לאורך כל חיי המערכת. (מומלץ להוסיף תאריך כחלק מהפתח של מספר הרשומה)",#N/A,an..35, Identifier,,,
1918,Declaration,לא,2,383 ,0..1,לא,|           |____ VersionID,N,מספר גרסא,"מספר הגרסא שנקבע עבור הצהרה זו.
השדה משמש רק עבור מסר המשוב. בעת שידור מסר קליטה (טיוטא) מהסוכן אל המכס, אין צורך לציין את מספר הגרסא.",The sequential number that determines the version of a specific document/message number.,an..9, Identifier,,,
1919,Declaration,לא,2,I76,0..1,כן,|           |____ ExpenseLoadingFactor,N,מקדם העמסה,"מקדם העמסה משמש לצורך העמסת עליות הביטוח ההובלה על גבי עלות הסחורה על מנת לגבות עליהם מיסים. מושג זה מחליף את המושג ""מדד"" מהמערכת הישנה. מקדם העמסה מתקבל מסכימה של: סה""כ עלויות הטובין בשקלים + סך עלויות ביטוח + סף עלויות הובלה + סך עלויות הוצאות נוספות (כגון אגרות נמל) חלקי סך עלויות הסחורה. לאחר ערך המקדם המערכת מחשבת המיסים לפי ערך הסחורה * ערך המקדם.
שדה זה משמש רק מסר המשוב.","מקדם העמסה משמש לצורך העמסת עליות הביטוח ההובלה על גבי עלות הסחורה על מנת לגבות עליהם מיסים. מושג זה מחליף את המושג ""מדד"" מהמערכת הישנה. מקדם העמסה מתקבל מסכימה של: סה""כ עלויות הטובין בשקלים + סך עלויות ביטוח + סף עלויות הובלה + סך עלויות הוצאות נוספות (כגון אגרות נמל) חלקי סך עלויות הסחורה. לאחר ערך המקדם המערכת מחשבת המיסים לפי ערך הסחורה * ערך המקדם.","n..5,2",Numeric,,,
2013,Declaration,לא,2,I90,0..1,כן,|           |____ AutonomyRegionType,C,קוד אזור אוטונומיה,"שדה זה מציין להיכן ההצהרה הזו מיועדת באוטונומיה. יש להבדיל בין הצהרות שמיועדות לאיו""ש ובין אלו שמיועדות לעזה. חשוב לציין שהשדה הוא חובה במידה ותהליך ההצהרה הוא אוטונומיה.",קוד האזור באוטונומיה אליו מיועדת ההצהרה להגיע,an..4,code,,AutonomyType,1264
2017,declaration,לא,2,I92,0..1,כן,|           |____ TehilaDeclarationID,C,מס' אסמכתא של תהילה לטופס ההצהרה,"מס' אסמכתא של תהילה לטופס ההצהרה. מיועד עבור הצהרה שהתקבלה דרך האינטרנט ולא דרך סוכן מכס ולכן שדה זה במקום שדות ""מזהה תיק סוכן"" ו""מזהה רשומת סוכן""","מס' אסמכתא של תהילה לטופס ההצהרה. מיועד עבור הצהרה שהתקבלה דרך האינטרנט ולא דרך סוכן מכס ולכן שדה זה במקום שדות ""מזהה תיק סוכן"" ו""מזהה רשומת סוכן""",an..35, Identifier,,,
2028,declaration,לא,2,277,0..1,כן,|           |____ ReleaseDateTime,N,תאריך התרה,"התאריך בו ההצהרה קיבלה התרה. משמש רק כאשר משדרים את ההצהרה לגורמי חו""ל ורק אם כבר הייתה התרה. אחרת השדה ריק",The date and time the goods have been released from government custody.,"an..17
UNTDID 2379 = 304   CCYYMMDDHHMMSSZZZ         Z=Time zone.
", Date Time,,,
2024,Declaration,כן,2,17L,0..1,כן,|           |         CustomsValueComponent,N,ערכים למכס,"חטיבה זו מכילה את הערכים הכספיים שחושבו ברמת כלל ההצהרה ושימשו לחישוב המיסים. 
למשל: ערך CIF, מחיר מקובל וכו'",,,חטיבה,,,
2025,Declaration,לא,3,I98,0..1,כן,|           |           |____ totalDealValueAmountNIS,N,"סה""כ ערך עסקה לחישוב מס","סה""כ בשקלים של ערך כלל הסחורות שבהצהרה כולל הנחות והתאמות וכולל הכפלה במקדם העמסה מכסי.",,,,,,
2026,Declaration,לא,3,I99,0..1,כן,|           |           |____ cifValueNIS,N,"סה""כ ערך CIF","ערך העסקה מייצג את הערך לפיו נמכרו הטובין, בתוספת הוצאות הובלה וביטוח עד לגבול הארץ המייבאת, כולל דמי רציף והוצאות סבלות.",,,,,,
2027,Declaration,לא,3,120,0..1,כן,|           |           |____ TaxAssessedAmount,N,"סה""כ מיסים להצהרה",הסכום הכולל של כל המיסים שיש להצהרה זו,,,Amount,,,
1763,declaration,כן,2,02A,0..999,כן,|           |____ AdditionalDocument,O,צרופות להצהרת יבוא,"קישור למסמכים מצורפים ברמת הצהרה
חטיבה זו מכילה את ההצבעות אל הצרופות השונות שרוצים לקשר לרמת ההצהרה. מסר הצרופה המכיל את הקובץ הסרוק והמאפיינים שלו נקלט בנפרד. ממסר ההצהרה רק מצביעים אליו באמצעות אחד משני המפתחות האפשריים: מזהה סוכן - המפתח המזהה את ההצהרה במערכת הסוכן או מזהה מכס - המפתח שניתן לו בעת קליטת הצרופה.",,,חטיבה,,,
1852,declaration,כן,3,01L,0..1,כן,|           |           |____DMExtensions,O,הרחבות ישראליות,הרחבה ישראלית של קישור למסמכים מצורפים,,,חטיבה,,,
1915,declaration,לא,4,I74,0..1,כן,|           |           |           |____ AttachmentID,O,זיהוי צרופה במערכת המכס,מספר הצרופה כפי שהיא נקבעה בעת הקליטה שלה במערכת המכס. (הצרופה נקלטת בנפרד מההצהרה),,an..17, Identifier,,,
1765,declaration,לא,4,I06,0..1,כן,|           |           |           |____ ExternalAttachmentID,O,זיהוי הצרופה במערכת סוכן המכס,מספר הצרופה כפי שהיא נקבעה במערכת הסוכן ,#N/A,an..35, Identifier,,,
1870,declaration,כן,2,99A,0..1,כן,|           |____ PreviousDocument,C,קישור למסמכים מובילים קודמים ברמת הצהרה,"קישור למסמך מוביל אחר.
ישנם מקרים שרוצים להצביע על קשר בין מסמכים מובילים. למשל בתהליך של הצהרת יבוא המחליף מ.ב. 161 (במקרה שמחליטים להשאיר את הרכב בארץ) בהצהרת היבוא יש צורך להצביע על המ.ב. 161 שבו נכנס נרכב לארץ.
מקרים נוספים - הצהרת יבוא המחליפה קרנה, הצהרת יבוא המחליפה מ.ר. וכו'. 
הגדרת מסמך מוביל: מסמך מוביל הינו מסמך בתיק העסקה המשמש לצורך שחרור הטובין מרשות המכס. הצהרת יבוא /קרנה/מ.ב. הינם סוגים של מסמכים מוביל.",,,חטיבה,,,
1871,declaration,לא,3,D018,0..1,כן,|           |           |____ ID,C,מספר מסמך מוביל קודם,מספר המסמך המוביל הנוסף אליה קשורה הצהרה זו.,The number of a previous document.,an..35, Identifier,,,
2014,declaration,לא,3,D019 ,0..1,לא,|           |           |____ TypeCode,C,סוג הצהרה קשורה,סוג ההצהרה הקשורה (הצהרת יבוא/הצהרת יצוא/הצהרת שטעון/קרנה/ מ.ב.161),#N/A,an..3, Code,,LeadDocumentType,1375
26,declaration,כן,1,05A,0..999,לא,|____ Agent,C,פרטי סוכן,"פרטי סוכן המכס המטפל בהצהרה.
בכל הצהרה יכול להיות רק סוכן אחד.
בעבר עלתה בקשה לאפשר יותר מסוכן אחד בהצהרה על מנת לאפשר להגדיר ""סוכן מטפל"" שהוא נציג שטח של הסוכן האחראי. בקשה זו נדחתה בסופו של דבר אבל התשתית למימושה נשארה.",,,חטיבה,,,
28,declaration,לא,2,R004,0..1,לא,|           |____ ID,C,מזהה סוכן מכס,"מספר סוכן חיצוני: ת.ז/ח.פ. 
במקרה של יבואן עם אינדקציה  ""יבואן אושר לסוכן מכס"", יוזן מספר ת.ז/ח.פ של היבואן. ",Identification of a party authorised to act on behalf of another party.,an..17, Identifier,MIS-SOCHEN,,
31,declaration,לא,2,R005,0..1,לא,|           |____ RoleCode,C,תפקיד סוכן,מגדיר מה הסוג של הסוכן. סוכן / בלדר (רלוונטי רק בתהליך בלדרים),Code giving specific meaning to a party.,an..3, Code,,AgentRoleType,1936
128,Declaration,כן,1,50A,0..999,לא,|____ DutyTaxFee,N,פרטי מיסים ברמת ההצהרה,"פרטי המיסים שושבו ע""י המכס ברמת הצהרה ומדווחים לסוכן. במסר הטיוטא נתונים אלו לא קיימים.
",Code of the storage country,,חטיבה,,,
136,Declaration,לא,2,113 ,0..1,לא,|           |____ TypeCode,N,סעיף מס שחושב,"סעיף מס לתשלום.
אחד מסעיפי המס יכול להיות היטל, במידה והוזן כפרמטר לחישוב המיסים בעת קליטת ההצהרה.",Code specifying a type of duty or tax applicable to commodities or a type of tax or fee applicable to services.,an..3,Code,,ParagraphType,1120
1921,Declaration,כן,2,01L,1..1,כן,|           |____ DMExtensions,N,הרחבות ישראלוית לפרטי מיסים ברמת הצהרה,שדות אלו מהווים את ההרחבות הישראליות לנושא הדיווח על המיסים ואופן חישובם. שדות אלו לא היו קיימים במסר המקורי של ה-WCO ונוספו על מנת לתמוך בדרישות הישראליות,Code specifying the status of a document.,an..3,חטיבה,,,
1926,Declaration,כן,3,04L,1..1,כן,|           |           |____ CalculatedTax,N,מיסים מחושבים,"בחטיבה זו מופיעים כל השדות המציינים את סעיפי המס והסכומים השונים שחושבו עבורם ברמת סה""כ של כלל ההצהרה.",Date of initial loading onto ship or airplane during one journey from export place to import place.,"an..17
UNTDID 2379 = 304   CCYYMMDDHHMMSSZZZ         Z=Time zone.
",חטיבה,,,
1927,Declaration,לא,4,I48,1..1,כן,|           |           |           |____amount,N,סכום מס,"סכום המס שחושב ע""י המערכת לסוג המס הנדון","סכום המס שחושב ע""י המערכת לסוג המס הנדון","n..16,2
(Floating delimiter with maximum decimals as defined)",Amount,,,
1928,Declaration,לא,4,I49,0..1,כן,|           |           |           |____deferedTaxAmount,N,סכום מס נדחה,סכום המס הנדחה (לסוג מס זה). סכום זה הופחת מערך המס שחושב.,סכום המס הנדחה (לסוג מס זה). סכום זה יש להפחית מערך המס שחושב.,"n..16,2
(Floating delimiter with maximum decimals as defined)",Amount,,,
148,GoodsShipment,כן,1,67A,1..999,לא,|____ GoodsShipment,M,פרטי העסקה מההיבט המסחרי,"חטיבה זו מקבילה לחטיבת חשבון המכר, היא מכילה את הפרטים של העסקה מההיבט המסחרי כולל תנאי המכר, הפרטים הכלליים של החשבון ונתונים נוספים של החשבון. כמו וכן כל הסחורות הקשורות לחשבון המכר.
בשל מגבול המבנה של ה-WCO , גם חטיבת המשגור (Consignmet) נמצאת תחת חטיבה זו. אולם מאחר ולא ניתן לקשר באופן מלא בין המשגור לחשבונות השונים, נקבע שנתוני המשגור יופיעו במופע הראשון של חטיבת GoodShipment. בצורה זו נשמר מבנה המסר של ה-WCO.",,,חטיבה,,,
153,GoodsShipment,לא,2,006,0..1,לא,|           |____ SequenceNumeric,M,מספר מופע חשבון מכר,מספר רץ של החטיבה,Number indicating the position in a sequence.,n..5,Numeric,,,
155,GoodsShipment,כן,2,02A,0..999,לא,|           |____ AdditionalDocument,O,קישור למסמכים מצורפים לחשבון,קישור למסמכים מצורפים,,,חטיבה,,,
1854,GoodsShipment,כן,3,01L,0..1,כן,|           |           |____ DMExtensions,O,הרחבות ישראליות לצרופות לחשבון מכר,תוספת של שדות יחודיים למכס הישראלי ברמת מזהה המטען,,,חטיבה,,,
1805,GoodsShipment,לא,4,I06,0..1,כן,|           |           |           |____ ExternalAttachmentID,O,מספר הצרופה במע סוכן המכס,מספר יחודי במערכת הסוכן אשר מזהה את המסמך במערכת שלו,#N/A,an..35, Identifier,,,
1910,GoodsShipment,לא,4,I74,0..1,כן,|           |           |           |____ AttachmentID,O,זיהוי צרופה במערכת המכס,מספר הצרופה כפי שהיא נקבעה בעת הקליטה שלה במערכת המכס. (הצרופה נקלטת בנפרד מההצהרה),,an..17, Identifier,,,
269,Consignment,כן,2,28A,0..999,לא,|           |____ Consignment,O,משגור,"פרטי המשגור ביבוא. כאן יופיעו כל הנתונים הלוגיסטיים הדרושים לצורך השלמת תהליך השחרור ומתן ההתרה על מטען. 
למרות שלפי מבנה מסר ה-WCO חטיבה זו ממומקת תחת חשבון המכר, אין לזה משמעות. לא ניתן לספק את הקשר בין הפן הלוגיסטי (משגור) לפן המכסי (חשבון מכר). כדי לשמור על מבנה המסר מצד אחד ועדיין לקבל את הנתונים לפי דרישת המכס הוגדר חוק עסקי שיוודא שכל המשגורים מדווחים במופע הראשון של החשבון. ",,,חטיבה,,,
275,Consignment,לא,3,006,0..1,לא,|           |           |____ SequenceNumeric,O,מספר מופע משגור,"מספר רץ
מס מופע של חטיבת המשגור(יכולה להיות רב פעמית)",Number indicating the position in a sequence.,n..5,Numeric,MIS-RAZ-MISHGOR,,
1856,Consignment,כן,3,01L,0..1,כן,|           |           |____ DMExtensions,O,הרחבות ישראליות  (רמת משגור),תוספת של שדות יחודיים למכס הישראלי ברמת המשגור,,,חטיבה,,,
1731,Consignment,לא,4,138,0..1,כן,|           |           |           |____ CargoDescription,M,תאור טובין במשגור,תאור כללי של המטען המופיע בשטר המטען.,"Plain language description of the cargo of a means of transport, in general terms only.",an..256,Text,"TEUR-TUVIN-1
TEUR-TUVIN-2
TEUR-TUVIN-3",,
1849,Consignment,לא,4,I05,0..1,כן,|           |           |           |____ LastReleaseFromWarehousInd,C,אינדיקצית שחרור אחרון,"בשחרור חלקי של טובין, אינדיקציה לשחרור אחרון של הטובין. השדה משמש את ההצהרות בתהליך שח""מ בלבד. כאשר מתקבלת הצהרת שח""מ עם אינדיקצית שחרור אחרון, מתבצעות בדיקות ""סגירת גוש"" מול מנהל אחסנה.",#N/A,n1,indicator,,,
151,Consignment,לא,4,062,0..1,לא,|           |           |           |____ ExportationCountryCode,M,ארץ יצוא (ארץ מוצא),"זיהוי המדינה ממנה יצא המטען בתחילת המסע. השדה לא נלקח משט""מ משום במקרים של שטעון נמל הטעינה האחרון יכול להשתנות וזה עדיין לא צריך להשפיע על המדינה ממנה יצא המטען מלחתחילה.
היות וכל חשבון יכול להגיע מדינה אחרת השדה צריך להיות ברמה זו.
בהמשך למייל של ראובן מלצר בנושא הגדרות מושגים של מקור הטובין לצרכי סטטיסטיקות יש לקבל החלטה האם יהיה צורך בשדה זה לפי התיאור הבא (סעיף 2.ב) :
המייל המקורי:
1.    ארץ מקור – הארץ בה יוצרו או הופקו הטובין.
2.    ארץ יצוא –
א)      במקום מונח זה ברשימון הלוגי יבוא: ארץ נמל הטעינה האחרונה. יש לשנות את המונח בחטיבת ""משגור"" של הרשימון הלוגי בהתאם.
ב)      יחד עם זאת, נשאלת השאלה האם אין צורך בהמשך קיומו של שדה ""ארץ יצוא"", אשר ימולא ע""י סוכן המכס במקום אחר ברשימון. משמעות ההגדרה תמשיך להיות: ""הארץ ממנה יוצאו הטובין"". בהעדר הגדרה זאת, לא נוכל לדעת מהי ארץ היצוא במקרים בהם ספק במדינה א' מוכר לישראל טובין שארץ המקור שלהם במדינה ב', אך מיוצאים ממדינה ג' תוך כדי שטעון בנמל שבמדינה ד' (ככל שיש מקרים כאלה).
3.    ארץ ספק – נפסיק להשתמש במונח, ובמקומו יבוא: ארץ הנפקת החשבון.
4.    ארץ קניה – נפסיק להשתמש במונח.

",To identify the country from which the goods are originally exported without any commercial transaction taken place in intermediate countries.,a2,Code,,country,1136
1783,Consignment,כן,4,15L,0..999,כן,|           |           |           |____ PackagesMeasure,O,כמות אריזות באתרי מכס (מכולות/יחידות היטס וכו'),"משמש לשמירה של כמות ומשקל אריזות באתר אחסון (לפי הכמות המופיע בשט""מ) או כמות אריזות המיועדת להיכנס למחסן.
מאחר והחטיבה הזו משמשת לדיווח שני סוגים של כמויות של אריזות יש צורך להבדיל בינהן. זה נעשה באמצעות השדה הזה שיציין מה סוג הכמות עליה מדברים באותו מופע של החטיבה.
בכל ההצהרות חובה שיהיה מופע אחד לפחות של חטיבת הכמויות עם סוג כמות ""כמות אריזות באתר מסירה"". בהצהרות בתהליך כנ""מ/שח""מ/יצוא ממחסן בלבד חובה שיהיה בנוסף גם מופע החטיבה עם סוג כמות ""כמות אריזות במחסן"".

הנתונים של כמות אריזות באתר מסירה משמשים לבדיקות הזמינות מול אתר המסירה. רק כאשר הכמויות התיאורטיות (נתוני המשגור) והכמויות הפיסיות (הנתונים במנהל מעקב מטענים) יהיו זהות בדיקת הזמינות תחזיר תשובה חיובית.
הנתונים של כמות אריזות במחסן משמשים לבדיקות תקינות אל מול המחסנים בעת כניסה או שחרור ממחסן.",,,חטיבה,,,
1784,Consignment,לא,5,006,0..1,כן,|           |           |           |           |____ SequenceNumeric,,מספר מופע כמות אריזות,מספר רץ,Number indicating the position in a sequence.,n..5,Numeric,,,
1785,Consignment,לא,5,I10,0..1,כן,|           |           |           |           |____ PackageMeasureQualifier,C,סוג כמות אריזות במשגור,"מאפיין של סוג הכמות. (יציין אם זה כמות אריזות באתר המחסן / כמות אריזות באתר מסירה).
",#N/A,an..4,Code,,PackageMeasureQualifier,1593
1786,Consignment,לא,5,146,0..1,כן,|           |           |           |           |____ TotalPackageQuantity,C,כמות אריזות במשגור,"ערך עבור כמות האריזות
כמות אריזות – כמות אמצעי הובלה",,n..8,Quantity,KAMUT-ARIZOT,,
1787,Consignment,לא,5,126,0..1,כן,|           |           |           |           |____ GrossMassMeasure,C,משקל האריזות במשגור,משקל הסחורה כולל האריזות אך לא כולל את יחידות השינוע (מכולות/יחידות היטס),Weight of line item including packaging but excluding the transport equipment.,"n..11,3
(Floating delimiter with maximum decimals as defined)",Measure,MISHKAL-ARIZOT,,
1744,Consignment,לא,5,141,0..1,כן,|           |           |           |           |____TypeCode,C,קוד אריזה,"סוג האריזה (מכולה/כללי/משטח/וכו') המדווחת ברמת המשגור
סוג אריזות – אמצעי הובלה",Code specifying the type of package of an item.,an..2,Code,SUG-ARIZOT,PackingType,1091
1998,Consignment,לא,5,142,0..1,לא,|           |           |           |           |____ MarksNumbers,C,סימנים ומספרים,"טקטס חופשי המתאר את הסימנים המצוינים על גבי האריזה. משמש את המחסנים לצורך שחרור האריזה המתאימה מהגוש. הנתון מוזן ע""י סוכן המכס ומועבר למחסן במסגרת מסר ההתרה.",Free form description of the marks and numbers on a transport unit or package.,an..512,Identifier,,,
1777,Consignment,כן,4,05B,0..999,כן,|           |           |           |____ RegisteredFacility,O,אתר מכס,"חטיבה זו משמשת להזנת כל סוגי אתרי האחסון במשגור שלא נמצא להם שדה ייעודי בחטיבה. מופיעים כאן (אתר מסירה/ מחסן/ מעברים פנימיים). רק אתרים שהם בתוך מדינת ישראל יופיעו בחטיבה זו. אתרי חו""ל כגון נמלי פריקה ונמל סופי יופיעו בשדות אחרים במסר. ",,,חטיבה,,,
1778,Consignment,לא,5,006,0..1,כן,|           |           |           |           |____ SequenceNumeric,,מספר מופע אתרים במשגור,מספר רץ,Number indicating the position in a sequence.,n..5,Numeric,,,
1779,Consignment,לא,5,L086,0..1,כן,|           |           |           |           |____ ID,C,זיהוי אתר,המפתח המזהה את האתר במערכת,Identification of a facility that has been formally documented as compliant with regulations or statutes by a regulatory authority.,an..256, Identifier,"MIS-ATAR-ICHSUN
MIS-MACHSAN","עבור אתרים פנימיים - InternalBorderSiteType
עבור מחסנים רשויים - RegisteredWarehouseSiteType
עבור אתרי מסירה - DeliverySiteType
","עבור אתרים פנימיים - 2013
עבור מחסנים רשויים - 2014
עבור אתרי מסירה - 2012
"
1780,Consignment,לא,5,L047,0..1,כן,|           |           |           |           |____FacilityType,C,סוג אתר בהצהרה,"בכל הצהרה יש מספר אתרים אפשריים, מחסן מקבל/אתר מסירה/מעבר פנימי ושדה זה מציין את השימוש של האתר בהצהרה.",Type of facility.,an..256, Code,,SiteRoleType,1434
370,Consignment,כן,3,83A,0..1,לא,|           |           |____ LoadingLocation,O,פרטי אתר טעינה אחרון,פרטי נמל טעינה אחרון,,,חטיבה,,,
371,Consignment,לא,4,L010,0..1,לא,|           |           |           |____ ID,C,קוד אתר טעינה אחרון,"זיהוי אתר הטעינה האחרון בחו""ל","Name of a seaport, airport, freight terminal, rail station or other place at which goods are loaded onto the means of transport being used for their carriage.",an..17, Identifier,KOD-NAMAL-TEINA,InternationalSite,1344
430,Consignment,כן,3,30B,0..1,לא,|           |           |____ TransportContractDocument,O,פרטי מזהה מטען,פרטי שטר מטען,,,חטיבה,,,
431,Consignment,לא,4,D023,0..1,לא,|           |           |           |____ ID,C,מזהה מטען ראשון,"מזהה מטען ראשון יכיל את מספר המצהר.
באוויר מספר המצהר מורכב מהנתונים הבאים:
תאריך יציאה, מספר טיסה, חברת תעופה.
בים - מספר המצהר כפי ששודר ע""י חברת הספנות",Reference number to identify a document evidencing a transport contract.,an..35, Identifier,MIS-MIZHAR,,
433,Consignment,לא,4,D024,0..1,לא,|           |           |           |____ TypeCode,C,סוג מזהה מטען,"ערך המשקף את סוג המסר/מסמך שמציין את פרטי המטען של עיסקה זו. יכול להיות שט""מ אווירי/מס' עסקה ימי וכו'",Code to identify the type of a document evidencing a transport contract.,an..3, Code,SUG-MEZAHE-MITAN,CargoIdentifierType,1259
432,Consignment,לא,4,D020,0..1,לא,|           |           |           |____ IssueDateTime,C,תאריך מזהה מטען,"תאריך ההפקה של מזהה המטען. בשט""מ אוויר התאריך הוא תאריך היציאה הצפוי",Date of issue of a transport contract document.,"an..17
UNTDID 2379 = 304   CCYYMMDDHHMMSSZZZ         Z=Time zone.
", Date Time,TARICH-SHTAR-MITAN,,
1858,Consignment,כן,4,01L,0..1,כן,|           |           |           |____ DMExtensions,O,הרחבות ישראליות,תוספת של שדות יחודיים למכס הישראלי ברמת מזהה המטען,,,חטיבה,,,
1846,Consignment,לא,5,I11,0..1,כן,|           |           |           |           |____ SecondCargoID,O,מזהה מטען שני,"מזהה מטען שני מכיל:
באוויר - שט""מ מאסטר
בים - מספר עסקה
במסופי גבול (יבשה) - מספר עסקה",#N/A,an..35, Identifier,"MIS-MEZAHE-MITAN
MEZAHE-ISKA",,
1847,Consignment,לא,5,I12,0..1,כן,|           |           |           |           |____ ThirdCargoID,O,מזהה מטען שלישי,"מזהה מטען שלישי מכיל:
באוויר - שט""מ פנימי (house bill)
בים - לא מוזן
במסופי גבול (יבשה) - לא מוזן",#N/A,an..35, Identifier,MIS-SHTAR-MITAN-PNIMI ,,
512,Consignment,כן,3,38B,0..1,לא,|           |           |____ UnloadingLocation,C,פרטי אתר פריקה,נתונים של מזהה אתר הפריקה בארץ,,,חטיבה,,,
513,Consignment,לא,4,172,0..1,לא,|           |                      |____ ArrivalDateTime,C,תאריך הגעה (גמר פריקה/נחיתה צפוי),"כאן מדווחים את המועד הצפוי של גמר הפריקה במקרים בהם מגישים את הרשימון לפני שהמצהר קיים.
הערה: ביבוא בתהליך בלדרים - אין כל שימוש בשדה הזה לצורך משלוח ההודעה המוקדמת.","Date and time / scheduled date and time of arrival of means of transport at (for air) first airport, (land) arrival at first border post and (sea) arrival at first port, coded.","an..17
UNTDID 2379 = 304   CCYYMMDDHHMMSSZZZ         Z=Time zone.
",Date Time,KOD-NAMAL-PRIKA,,
514,Consignment,לא,4,L013,0..1,לא,|           |                      |____ ID,C,קוד אתר פריקה,זיהוי האתר בו נפרקו הטובין בארץ,"Name of a seaport, airport, freight terminal, rail station or other place at which goods are loaded onto the means of transport being used for their carriage.",an..17, Identifier,TARICH-GMAR-PRIKA,,
557,GoodsShipment,כן,2,41A,0..999,לא,|           |____ CustomsValuation,O,פרטי עלויות נוספות לצרכי מכס - ברמת חשבון המכר,"חטיבה זו מכילה את השדות הדרושים להזנה של עלויות נוספות ברמת החשבון. 
נתוני הביטוח וההובלה מקורם לרוב בחשבון המטענים והם נדרשים כאשר סוג החשבון הוא FOB.
עלויות נוספות יכולות להיות גם תמלוגים או תשלום עבור כשרות ועוד. 
כמו כן, בחטיבה זו מציינים הנחות שניתנו בגין החשבון.
חטיבה זו היא רב מופעית וכל מופע מציין  התאמה/הפחתה אחת. בכל מופע יש שדה של סוג התאמה ושדה של סכום כספי.
להובלה (560) וביטוח (559) יש שדות יעודי להזנה של הסכום הכספי. לכל שאר סוגי ההתאמות יש שדה אחד להזנת הסכום (563).
בנוסף החטיבה משמשת כם להזנת אגרות נמל מוצהרת  במקרים הנדרשים לכך:
אמנם אגרת נמל מוצהרת  מתייחסות לכלל ההצהרה ולאו דווקא לחשבון ספציפי, אבל לפי מבנה מסר ה-WCO המקום היחיד שניתן להזין אותן הוא חטיבה CustomsValuation שנמצאת ברמת החשבון.
על מנת שלא לבצע שינויים במסר הוחלט שלא להוסיף חטיבה נוספת ולשבור את מבנה ה-WCO אלא כן להשתמש בחטיבה הקיימת ברמת החשבון.  אם הסוכן יודע את החלוקה של האגרות (או כל תוספת/התאמה אחרת) לכל חשבון הוא יכול לחלק את הסכום על כמה חשבונות. אם הוא לא יודע את החלוקה הוא יכול להזין את כל הסכום על החשבון הראשון. 
במקרים בהם המערכת מחשבת את אגרות הנמל המחושבת (למעשה זה המצב הנפוץ), האגרות ידווחו במסר המשוב תחת החשבון הראשון.
",,,חטיבה,,,
558,GoodsShipment,לא,3,371,0..1,לא,|           |           |____ ChargesTypeCode,O,סוג הפחתה/התאמה,סוג התאמה/הפחתה הקשורים לחשבון המכר. ,Code identifying the type of charge.,an..3, Code,,ModificationAndDiscountType,1416
559,GoodsShipment,לא,3,121,0..1,לא,|           |           |____ ExitToEntryChargeAmount,O,ביטוח,אם סוג ההתאמה/הפחתה היא ביטוח בלבד כאן יופיע הערך הכספי.,"Aggregate cost of freight, insurance and all other costs and expenses from the foreign exit location to the entry location.","n..16,2
(Floating delimiter with maximum decimals as defined)",Amount,,,
560,GoodsShipment,לא,3,117,0..1,לא,|           |           |____ FreightChargeAmount,O,הוצאות הובלה,אם סוג התאמה/הפחתה הוא הובלה בלבד כאן יופיע הערך הכספי.,"Costs incurred by the shipper in moving goods, by whatever means, from one place to another under the terms of the contract of carriage. In addition to transport costs, this may include such elements as packing, documentation, loading, unloading, and insurance (to the extent that they relate to the freight cost).","n..16,2
(Floating delimiter with maximum decimals as defined)",Amount,,,
563,GoodsShipment,לא,3,181,0..1,לא,|           |           |____ OtherChargeDeductionAmount,O,סכום הפחתה/התאמה,"אם סוג סעיף התשלום הוא לא ביטוח או הובלה, שעבורם יש שדות יעודיים, בשדה זה יצויין הסכום המדובר.",An amount added or subtracted from the total invoice price not previously taken into account when determining the Customs value.,"n..16,2
(Floating delimiter with maximum decimals as defined)",Amount,,,
565,GoodsShipment,לא,3,301,0..1,לא,|           |           |____ PaymentTermsCode,O,תנאי פירעון,"תנאי תשלום (מזומן/אשראי וכו'). דוגמאות:
שוטף+30
שוטף+45
מזומן
בגלל מבנה ה-WCO ששיטח את החשבון לחטיבות שונות תחת GoodsShipment השדה של תנאי הפירעון שהיה אמור להיות תחת Invoice נמצא פה. יהיה מופע אחד של חטיבה זו () שיכיל רק את השדה הזה ללא ציון של סוג הפחתה/התאמה.","Code describing the terms of payment expressed in international terms (e.g., Cash on Delivery (COD), 30/60/90 due dates, discounts, commissions) under which transaction is completed.",an..17, Code,,PaymentTerms,1425
627,GoodsItem,כן,2,68A,1..99999,לא,|           |____ GovernmentAgencyGoodsItem,M,פרטי סחורה,פרטי הסחורה המיובאת. מקביל לחטיבת סחורה במסר הקיים היום.,,,חטיבה,,,
632,GoodsItem,לא,3,006,0..1,לא,|           |           |____ SequenceNumeric,M,מספר מופע סחורה,מספר רץ של חטיבת הסחורה משמש כמפתח הלוגי שלה בהצהרה. (אותו סיווג יכול לחזור כמה פעמים באותה הצהרה ולכן הוא לא יכול לשמש כמפתח),Number indicating the position in a sequence.,n..5,Numeric,,,
1859,GoodsItem,כן,3,01L,1..1,כן,|           |           |____ DMExtensions,M,הרחבות ישראליות  (רמת סחורה),שדות שלא הופיעו במסר ה-WCO המקורי אך נחוצים למכס לתפעול המערכת,,,חטיבה,,,
1781,GoodsItem,לא,4,I13,1..1,כן,|           |           |           |____CustomsBookType,M,סוג ספר מכס,"סוג ספר המכס המבוקש לצורך חישוב המיסים ובדיקת חוקיות היצוא. ערכים אפשריים : יבוא, יצוא, אוטונומיה",#N/A,an..4,Code,,CustomsBookType ,1065
1850,GoodsItem,לא,4,I14,0..1,כן,|           |           |           |____ TaxExemptCode,O,קוד הנחה/פטור ממיסים,במקרים בהם מעוניינים לקבל הנחה (בהתאם להגדרות המכס) ניתן להזין קוד הנחה. בעבר שדה זה נוהל כפרט נספח ובעקבות שינוים במנהל ספר המכס הפרידו את הנושא לשדה אחר.,#N/A,an..15,Code,,ValidCustomsItem,1966
1989,GoodsItem,לא,4,I84,0..1,כן,|           |           |           |____ OptionalTama,O,"תמ""א אופציונלי","אחוז התמ""א נקבע בספר המכס על פי סקר שוק שהתבצע ע""י יחידת מ""ק ומצא את הפער בין המחיר ביבוא למחיר הסיטוני. 

במידה ויבואן טוען כי המחיר הסיטוני שלו נמוך מהמחיר הממוצע בשוק – עליו לפנות ליחידת מ""ק ועל סמך הטפסים והאישורים שהוא מציג מאשרים לו להצהיר על אחוז תמ""א אחר. (נמוך יותר מהקבוע בספר המכס) – תהליך זה נקרא תמ""א אופציונאלי.

לדברי דרור בועדת לקוחות הוחלט כי ליבואן תוגדר אינדיקציה ברמת פרט מכס ותאריכי תוקף האם היבואן מורשה לעבוד עם תמ""א אופציונאלי בפרט זה. הוחלט לא לקבוע את האחוז לכל פרט.

בהגשת הצהרת יבוא, היבואן רשאי להזין את אחוז התמ""א הנכון לדעתו. (כיום קיים חסם תחתון של 5%) 
",,"n..5,2", Identifier,,,
2016,GoodsItem,לא,4,I91,0..1,כן,|           |           |           |____ SalesTaxExemptionType,O,פטור ממס קנייה,"השדה מציין האם היבואן מבקש פטור מתשלום של מס קנייה לפי אחד ההסדרים הבאים:
קוד 6 - פטור גורף ממס קנייה במקרים בהם זה רלוונטי
קוד 7 -פטור ספציפי ממס קנייה ",,an..4,code,,SalesTaxExemptionType,1702
2018,GoodsItem,לא,4,I93,0..1,כן,|           |           |           |____ IsUsed,M,האם משומש,"0= חדש 1=משומש
שדה בוליאני שמציין האם המוצר משומש. מטרת השדה לתת למעריך הסבר במקרה שמחיר הטובין שהוצהר נמוך ממחיר השוק.  (בשלב זה משמש רק בתהליך יבוא אישי-אינטרנט)
השדה הינו חובה.
מומלץ שהמערכת הבונה את המסר תשלח ערך ""0"" (חדש) כברירת מחדל.",,n1,indicator,,,
1913,GoodsItem,כן,4,05L,1..999,כן,|           |           |           |____ GoodsItemAmount,M,מחירים לסחורה,"חטיבה זו מכילה את כל סוגי המחירים הדרושים לחישוב המס על הסחורה. הסוכן מזין את הנתונים כפי שהם מופיעים בחשבון/או מידע נוסף (דוגמה: סיגריות[מחיר סיטונאי]). 
במקרים בהם, לצורך חישוב המיסים עבור פרט המכס נדרש לציין סוגי ערכי טובין שונים (למשל מחיר ששולם וגם מחיר סיטונאי) יש ריבוי מופעים של החטיבה כאשר בכל מופע יש שדה המאפיין את סוג המחיר המדובר.
הערה: יש לזכור כי מחיר ששולם בפועל מחושב באופן אוטומטי ע""י המערכת בהסתמך על המחיר שהזון וההתאמות/הפחתות.",,,חטיבה,,,
628,GoodsItem,לא,5,108,1..1,כן,|           |           |           |           |____ CustomsValueAmount,M,ערך טובין,"ערך הסחורה בהתאם לסוג המחיר (לדוגמה: מחיר בסיס / מחיר סיטונאי/וכו') ולפי קוד המטבע. 
חובה להזין לפחות מופע אחד של מחיר בסיס לסחורה (המחיר של כל הסחורה ללא הנחות או תוספות). סוגי מחירים אפשריים אחרים לדוגמה מחיר סיטונאי שמוזן במקרים מסוימים בהתאם לחוק.
סוג המחיר יצוין בשדה נפרד (1914).","Amount declared for Customs purposes of those goods in a consignment which are subject to the same Customs procedure, and have the same tariff/statistical heading, country information and duty regime.","n..16,2
(Floating delimiter with maximum decimals as defined)",Amount,,,
1914,GoodsItem,לא,5,I15,1..1,כן,|           |           |           |           |____ AmountType,M,סוג מחיר,"מאפיין את סוג המחיר המופיע בשדה אחר (628) באותה חטיבה יחד עם שדה זה.
בכל הצהרה ובכל סחורה חובה להזין לפחות מופע אחד של חטיבה זו עם סוג מחיר = (מחיר בסיס). שאר סוגי המחירים הם או מחושבים ע""י מערכת המכס (למשל ""מחיר לאחר מקדם העמסה"") או נדרשים לפי צורך (למשל ""מחיר סיטונאי"" לפרט מכס סיגריות)
סוגים לדוגמא: 
מחיר בסיס
מחיר סיטונאי",,an..4,Code,,AmountType,1436
1795,GoodsItem,כן,4,11L,0..1,כן,|           |           |           |_____ Vehicle          ,C,פרטי רכב,"חטיבה זו מכילה את כל המאפיינים של הרכב. במקרים בהם יש מספר מזהה מסוג ""תיק רכב"" (מה שבעבר נקרא ""רכבית"") יופיע רק שדה זיהוי הרכב וכל הנתונים האחרים ילקחו ממאגר כלי הרכב. במקרים בהם הרכב לא קיים עדיין במאגר כלי הרכב, (למשל יבוא אישי) יש להקים את ישות הרכב באמצעות מסר נפרד ורק לאחר מכן ניתן יהיה לקשר את הרכב להצהרה. את המסר הנפרד ניתן לשדר באותו שידור יחד עם ההצהרה מאחר והוא יעובד בשלב הראשון עוד לפני בדיקות התקינות של ההצהרה. הקישור יבוצע במקרה זה לפי מספר שלדה",,,חטיבה,,,
1841,GoodsItem,כן,5,07L,0..99999,כן,|           |           |           |           |____ProductIdentification,C,מספרי זיהוי לרכב,חטיבה זו משמשת לצורך הזנת האופנים השונים בהם מזהים את הסחורה. למשל סוג מספר תיק רכב/מספר שלדה/מספר המנוע,,,חטיבה,,,
1797,GoodsItem,לא,6,147,0..1,כן,|           |           |           |           |           |____ID,O,מספר זיהוי רכב,"כאשר אין תיק רכב או לא נמצא במחירון (רכב מעל 3.5 טון ודו גלגליים ממונעים) יוזן מספר שילדה.
בכל מקרה אחר יוזן מספר תיק רכב","Numbers or characters used to identify an object, for example the unique number affixed by the manufacturer to a product for identification purposes.",an..25,Identifier,,,
1798,GoodsItem,לא,6,347,0..1,כן,|           |           |           |           |           |____IDTypeCode,O,סוג זיהוי רכב (שילדה או תיק רכב),הסוג מציין מה האופי של מספר הזיהוי. (תיק רכב/שלדה/מספר מנוע),"The type of unique number affixed by the manufacturer to one instance of a product for identification purposes, such as a serial number, vehicle identification number (VIN).",an..3,Code,,CargoIdentityQualifier,1326
634,GoodsItem,כן,3,02A,0..999,לא,|           |           |____ AdditionalDocument,O,פרטי מסמכים מצורפים לסחורה,"קישור למסמכים מצורפים ברמת זו מכיל שדות נוספים שלא קיימים בשאר המקומות. זאת משום שמעבר לקישור לצרופה הסרוקה עצמה, כאן יש צורך לציין גם את המספר של הרישיון (ידני או ממוחשב). 
זה משמש לצורך בדיקות התקינות וכן יצירת הקשרים המתאימים בין טיפוסי המסמכים השונים העוברים בחטיבה זו. 
כמו כן, במקרה וטיפוס המסמך הוא ""פטור מרישיון"" ישנו שדה נפרד המאפשר לציין את הפטור מרישיון/אישור (לפי קודי סיבות מוגדרים מראש) במקרים בהם חוקי המכס מאפשרים זאת.",,,חטיבה,,,
636,GoodsItem,לא,4,D005,0..1,לא,|           |           |           |____ ID,O,מספר הרישיון למענה,"המספר של המסמך כפי שניתן לו ע""י הגורם שהפיק אותו. משמש עבור מספר רישיון/אישור (כפי שנקבע ע""י משרד הבריאות, למשל).",Identifier of a document providing additional information.,an..35,Identifier,,,
640,GoodsItem,לא,4,360,0..1,לא,|           |           |           |____ LPCOExemptionCode,O,פטור מאישור,"מאפשר לציין פטור מאישור (לפי קודי סיבות מוגדרים מראש) במקרים בהם חוקי המכס מאפשרים זאת.
גם במקרים בהם הוזן קוד פטור עדיין על המשתמש להזין לאיזה דרישה לרישיון הפטור הזה מתייחס (לפי השדות המתאימים בחטיבה זו).","Type of exemption from a license, permit, certificate, or other document (LPCO) or indication that no LPCO is required.",an..3, Code ,,CertificateExemptionCode,1423
644,GoodsItem,לא,4,D006,0..1,לא,|           |           |           |____ TypeCode,O,סוג רשומת צרופה,סוג המסמך המצורף מציין האם זה רישיון/ אישור ממחושב או רישיון/אישור ידני או פטור מרישיון/אישור או כל מסמך סרוק אחר. לפי הסוג המערכת תדע ליצור את הקישורים המתאימים בין הישויות.,Code specifying the name of an additional document.,an..3, Code,,AttachmentType,1585
1860,GoodsItem,כן,4,01L,0..1,כן,|           |           |           |____ DMExtensions,O,הרחבות ישראליות  (רמת סחורה),שדות שלא הופיעו במסר ה-WCO המקורי אך נחוצים למכס לתפעול המערכת,,,חטיבה,,,
1985,GoodsItem,לא,5,I82,0..1,לא,|           |           |           |           |____ LPCOTypeCode,O,סוג אישור למענה,סוג האישור משמש כחלק מהמפתח לזיהוי הרישיון/אישור במערכת. (בנוסף לגורם מאשר ומספר הרישיון),#N/A,an..3,Code,,ConfirmationType,1604
1911,GoodsItem,לא,5,I74,0..1,כן,|           |           |           |           |____ AttachmentID,O,זיהוי צרופה במערכת המכס,מספר הצרופה כפי שהיא נקבעה בעת הקליטה שלה במערכת המכס. (הצרופה נקלטת בנפרד מההצהרה),,an..17, Identifier,,,
1746,GoodsItem,לא,5,I06,0..1,כן,|           |           |           |           |____ ExternalAttachmentID,O,מספר הצרופה במע סוכן המכס,מספר הצרופה כפי שהיא נקבעה במערכת הסוכן ,#N/A,an..35, Identifier,,,
2005,GoodsItem,לא,5,I89,0..1,כן,|           |           |           |           |____ requirementLicenseType,O,סוג רישיון נדרש,שדה זה מוזן ע''י המשתמש והוא בא ליצג את את סוג הרישיון/אישור הנדרש לפי חוקי המכס. לצד הרישיון הנדרש המשתמש מזין את המענה שלו שיכול להיות פטור מרישיון או אפילו רישיון מסוג אחר (בהתאם לבדיקות עסקיות),#N/A,an..4,Code,,ConfirmationType,1604
712,GoodsItem,כן,3,23A,1..1,לא,|           |           |____ Commodity,M,פרטי סחורות - המשך,"לפי תקן ה-WCO שורת הסחורה פוצלה לשני תתי חטיבות עיקריות governgmentAgencyGoodsItem המכילה בעיקר מאפיינים מכסיים של הסחורה (כמויות ומחירים) ו-commodity המכילה בעיקר מאפיינים פיסיים של הסחורה (מספרים סיריאלים סיווג ועוד'). במערכת המכס הישראלית אין צורך בפיצול הזה ואין משמעות לקשר 0..* שהוגדר בין בתי החטיבות במקור. כדי להיצמד למבנה המסר לפי תקן ה-WCO, אנחנו משתמשים בשתי החטיבות אבל נתייחס אל שתי החטיבות כאל ישות לוגית אחת כלומר הקשר בין goodsItem ל-commodity  יוגבל להיות 1..1.",,,חטיבה,,,
1861,GoodsItem,כן,4,01L,0..1,כן,|           |           |           |____ DMExtensions,O,הרחבות ישראליות ,שדות שלא הופיעו במסר ה-WCO המקורי אך נחוצים למכס לתפעול המערכת,,,חטיבה,,,
2012,GoodsItem,לא,5,164,0..1,לא,|           |           |           |           |____ DutyRegimeCode,O,קוד הסכם (תעריף),"ביבוא שדה זה מכיל את קוד התעריף המבוקש לצורך חישוב המיסים. לפי ההסכם המבוקש ייתכן ויבואן יידרש להציג מסמכים המעידים על מקור הטובין לצורך אימות הזכאות להטבה.
ביצוא שדה זה יכיל את קוד הסכם ההעדפה המעיד על ההטבה עבור סחורה זו במידה והיא אכן נכללת בהצהרת המקור. לתעריף ביצוא אין השפעה על חישוב (אם יש מיסים). 
יבוא + יצוא: הקישור למסמך העדפה עצמו יופיע בחטיבת הצרופות לסחורה. 
",Code specifying a type of duty regime.,an..3,Code,,TradeAgreementTypeView,2009
745,GoodsItem,כן,5,09L,0..999,כן,|           |           |           |           |____SerialNumbers,O,מספרים סריאלים,"חטיבה רב מופעית המשמשת להזנת המספרים הסריאלים של הסחורה המסווגת. שדה רשות המשמש למשל עבור הוכחת יצוא של טלפון מסויים לצורך תיקון כך שבעת ההחזרה שלו לא יידרש מס נוסף.
לפי תקן ה-WCO השדות 147 ו347 תמיד באים ביחד, הראשון מכיל ערך מספרי/תווי המשמש לזיהוי הסחורה והשני מכיל את הסוג של הזיהוי הזה. (למשל שדה 147=""FRFC343"" ושדה 347=""מספר סיריאלי"", או שדה 147=""FRFC343"" ושדה 347=""מספר VIN"" יפוענחו אחרת)",,,חטיבה,,,
746,GoodsItem,לא,6,147,0..1,כן,|           |           |           |           |           |____ID,O,ערך מספרים סריאלים,הערך של המספר המזהה, The non-commercial categorization of a commodity by a standard-setting organization.,an..25,Identifier,,,
747,GoodsItem,לא,6,347,0..1,כן,|           |           |           |           |           |____ IdentityQualifierCode,O,סוג מספר מזהה,הסוג מציין מה האופי של המספרים הסריאליים. ישנם סוגים שונים כמו מספר מספר סריאלי או VIN  המשמש לזיהוי רכבים.,Text description of the markings on a consumer level package,an..3, Code,,CargoIdentityQualifier,1326
1769,GoodsItem,כן,5,06L,0..999,לא,|           |           |           |           |____ ProductName,C,שמות ותיאורים,"שמות ותיאורים של הסחורה. בחטיבה זו יופיעו למשל שם מותג (נייק), שם מוצר (נעלי כדורסל), תיאור (נעליים שיוצרו בסין ). כל מופע של החטיבה מציין ערך אחד לפי הסוג בשדה 735.",,,חטיבה,,,
734,GoodsItem,לא,6,258,0..1,לא,|           |           |           |           |           |____ Name,C,ערך תיאור/שם,מלל חופשי המכיל את הנתון המתאר המוצר. יכול להיות שם מותג או תיאור מלא יותר. ,"A name or a term that identifies the goods are assigned by a seller as distinct from those of other sellers, also known in legal terms as trademark. A brand helps to identify one item, a family of items, or all items of that seller. ",an..35,Text,,,
735,GoodsItem,לא,6,335,0..1,לא,|           |           |           |           |           |____ NameQualifierCode,C,סוג תיאור,קוד המציין את השימוש הרצוי עבור הערך במופע הזה. מציין אם זה תיאור/שם מותג/ שם ישראלי וכו',"A qualifier to describe the commodity name, e.g. common name, registered name, brand name",an..3, Code,,ProductNameTypeCode,1439
1990,GoodsItem,כן,5,07L,0..999,כן,|           |           |           |           |____ProductIdentification,O,מספרי זיהוי לסחורה,"חטיבה זו משמשת לצורך הזנת האופנים השונים בהם מזהים את הסחורה. למשל סוג דגם (מק""ט) או זיהוי מסחרי.
וכל מופע של החטיבה מכיל את סוג הערך המדווח (דגם/מק""ט) וכן את הערך שלו (למשל 65478gh) לאותה סחורה לא יכולים להיות כמה מקטים שונים וזאת בניגוד למספרים סריאלים שיכולים להיות רבים לאותה סחורה.",,,חטיבה,,,
1991,GoodsItem,לא,6,147,0..1,כן,|           |           |           |           |           |____ID,O,מספר זיהוי סחורה,הערך של המזהה,"Numbers or characters used to identify an object, for example the unique number affixed by the manufacturer to a product for identification purposes.",an..25,Identifier,,,
1992,GoodsItem,לא,6,338,0..1,כן,|           |           |           |           |           |____IDTypeCode,O,סוג זיהוי סחורה,"הטיפוס של המזהה. מציין האם זה מק""ט / דגם וכו'",A code identifying the type of commodity identifier.,an..3, Code,,ProductIdentificationType,1592
1994,GoodsItem,כן,5,16L,0..999,כן,|           |           |           |           |____TradeLevyAndExampt,O,היטלי סחר לסחורה,"חטיבה זו משמשת להזנת סוגי ההיטלים המשוייכים לסחורה זו בספר המכס תוך דיווח מאילו היטלים מבקשים פטור.
בעת קליטת ההצהרה מתבצעת בדיקה שאם בספר המכס מוגדר היטל לסחורה זו אז חובה לדווח אותו. במידה ומבקשים פטור מההיטל יש לציין זאת בשדה המתאים בחטיבה זו.",,,חטיבה,,,
1995,GoodsItem,לא,6,I85,0..1,כן,|           |           |           |           |           |____ tradeLevyNumber,O,זיהוי היטל סחר,מספר ההיטל כפי שהוא מוכר בספר המכס,מספר ההיטל כפי שהוא מוכר בספר המכס,n..10, Identifier,,TradeLevy,
1996,GoodsItem,לא,6,I86,0..1,כן,|           |           |           |           |           |____ tradeLevyExamptCode,O,קוד פטור מהיטל,"דיווח האם מבקשים פטור מההיטל.
חובה לציין עבור כל ההיטלים המשוייכים לפרט המכס.","דיווח האם מבקשים פטור מההיטל.
הערך 0 מציין שלא מבקשים פטור והערך 1 שכן מבקשים פטור.",an..3, Identifier,,TradeLevyExamptType,1437
2009,GoodsItem,כן,5,03L,0..999,כן,|           |           |           |           |____ ValuationDeductionAdjustment,N,התאמות למחיר הסחורה,"חטיבה זו מכילה את ההפחתות או התוספות שהשפיעו על ערך הסחורה לצרכי החישוב של המס.
עבור ההפחתות של הרכב חטיבה זו תכיל את הסיכום של ההפחתה מאותו סוג בכל הרכבים הנמצאים תחת סחורה זו. כלומר אם יש 2 רכבים ולכל אחד יש הפחתה בגין מדד ירוק של 100 ₪ כאן תופיע הפחתה עם קוד ""מדד ירוק"" וערך 200 ש""ח.",Date of initial loading onto ship or airplane during one journey from export place to import place.,"an..17
UNTDID 2379 = 304   CCYYMMDDHHMMSSZZZ         Z=Time zone.
",חטיבה,,,
2010,GoodsItem,לא,6,371,0..1,כן,|           |           |           |           |           |____ChargesTypeCode,N,סוג הפחתה/התאמה,"סוג התאמה/הפחתה המשפיעים על ערך הסחורה לצורך חישוב המס.
מקרה של הפחתות בגין מספר רכבים, בשדה זה יהיה קוד שיציין סה""כ לסוג הפחתה עבור כל הרכבים. דוגמא: תחת סחורה X יש 2 רכבים עם הפחתה של ABS. לראשון 100 ₪ ולשני 200 ₪. בשורת ההפחתות של הסחורה יהיה הקוד ""סה""כ הפחתות ABS"" והערך 300.",Code identifying the type of charge.,an..3, Code,,ModificationAndDiscountType,1416
2011,GoodsItem,לא,6,111 ,0..1,כן,|           |           |           |           |           |____ DeductAmount,N,סכום הפחתה,סכום שהופחת מערך הסחורה בהתאם לחוקי המכס,Amount of deduction from a duty or tax.,"n..16,2
(Floating delimiter with maximum decimals as defined)",Amount,,,
842,GoodsItem,כן,4,21A,1..999,לא,|           |           |           |____ Classification,M,סיווג,"חטיבה זו מכילה את הסיווג של הסחורה.
לפי תקן ה-WCO השדות שזיהוי ה-WCO שלהם הוא 145 ו337 הולכים תמיד יחד. הראשון מכיל את הערך התווי/מספרי של סוג הזיהוי ואילו השדה השני מציין מה המשמעות של ערך זה. ניתן לסווג לפי צורות שונות, למשל לפי ספר המכס הבינןלאומי (HS) או לפי מספר או""ם או לפי SSO. בהצהרת היבוא הערך הקביל היחיד עבור שדה 337 (כרגע) הוא HS. השארנו אותו כדי לא לחרוג ממבנה המסר וכן עבור היצוא.
על מנת לתמוך במנגנון ההצבעות (Pointer)   תמיד יש לשלוח את הסיווג המהותי (HS) במופע מס' 1. ECCN מופע מספר 2. SSO מופע מספר 3.",,,חטיבה,,,
843,GoodsItem,לא,5,145,0..1,לא,|           |           |           |           |____ ID,M,ערך סיווג,הערך עצמו של הסיווג. מספר פרט כפי שמופיע בספר המכס או ברשימה אחרת (רשימת חומרים מסוכנים), The non-commercial categorization of a commodity by a standard-setting organization.,an..18,Identifier,,אם סיווג של ספר המכס אז ValidCustomsItem,אם סיווג של ספר המכס אז 1966
844,GoodsItem,לא,5,337,0..1,לא,|           |           |           |           |____ IdentificationTypeCode,M,סוג ערך הסיווג,מציין את הטיפוס של הסיווג האם זה סיווג לפי HS ספר המכס או לפי רשימה אחרת כגון רשימת חומרים מסוכנים (SSO),"A qualifier to describe the commodity classification, e.g. Harmonized Tariff Schedule (HTS), Export Control Classification Code (ECCC), UNDG Code list, International Code of
Zoological Nomenclature (ICZN)",an..3,Code,,ClassificationType,1384
2006,GoodsItem,כן,5,01L,0..1,כן,|           |           |           |           |____ DMExtensions,O,הרחבות ישראליות ,שדות שלא הופיעו במסר ה-WCO המקורי אך נחוצים למכס לתפעול המערכת,,,חטיבה,,,
2007,GoodsItem,לא,6,341,0..1,,|           |           |           |           |           |____ DangerousGoodsPackingRequirementsGroupCode  ,O,קוד קבוצת אריזה לחומר מסוכן,"השדה משמש לזיהוי רמת הסיכון של החומר המסוכן. רמת הסיכון נקבעת לפי סוג האריזה הספציפי של החומר.

חובה כאשר מדובר בחומר מסוכן (המופע של החטיבה הוא מספר או""ם)

הקודים המתקבלים הם מטבלת untded 7223 ומוגבלים לערכים 47/48/49. אותם יש להמיר למוגדר בטבלת החומרים המסוכנים שרמת האריזה שם מוגדרת עם הערכים 1/2/3 בהתאמה.

ערכים 1 או  2 או 3 או בלנק .הצירוף של קב' סיכון + רמת סיכון חייב להופיע בטבלה של חומרים מסוכנים (HazardousSubstence)",A code to describe the packing requirements based on the relative degree of danger represented by the hazardous material.,an..3,Code,,DangerousGoodsPackingReq,1266
902,GoodsItem,כן,4,50A,0..999,לא,|           |           |           |____ DutyTaxFee,N,פירוט מיסים,חטיבה זו מכילה את הנתונים המשמשים כפרמטרים לצורך חישוב המיסים.,,,חטיבה,,,
903,GoodsItem,לא,5,116 ,0..1,כן,|           |           |           |           |____ AdValoremTaxBaseAmount,N,בסיס לחישוב מס,To specify the amount on which a duty or tax or fee will be assessed.,"n..16,2
(Floating delimiter with maximum decimals as defined)","n..16,2",Amount,,,
906,GoodsItem,לא,5,164,0..1,לא,|           |           |           |           |____ DutyRegimeCode,N,קוד הסכם (תעריף),במסר המשוב שדה זה מכיל את קוד ההסכם שלפיו חושבו המיסים. (אמור להיות אותו הסכם קוד הסכפ שבשדה 2012 אותו ביקשו במסר ההצהרה).,Code specifying a type of duty regime.,an..3,Code,,TradeAgreementTypeView,2009
910,GoodsItem,לא,5,113,0..1,לא,|           |           |           |           |____ TypeCode,N,סעיף מס שחושב,"במסר המשוב שדה זה מכיל את קוד סעיף המס שלגביו חושבו המיסים. אחד מסעיפי המס יכול להיות ""היטל"", במידה והוזן כפרמטר לחישוב המיסים בעת קליטת ההצהרה.",Code specifying a type of duty or tax applicable to commodities or a type of tax or fee applicable to services.,an..3,Code,,ParagraphType,1120
909,GoodsItem,לא,5,115 ,0..1,כן,|           |           |           |           |____ TaxRate,N,שיעור המס,שיעור המס המופיע בספר המכס ולפיו חושב המס,Rate of duty or tax or fee applicable to commodities or of tax applicable to services.,"an..17,2
(Floating delimiter with maximum decimals as defined)",Numeric,,,
1936,GoodsItem,כן,5,01L,0..1,כן,|           |           |           |           |____ DMExtensions,N,הרחבות ישראלוית לפרטי מיסים ברמת הצהרה,שדות אלו מהווים את ההרחבות הישראליות לנושא הדיווח על המיסים ואופן חישובם. שדות אלו לא היו קיימים במסר המקורי של ה-WCO ונוספו על מנת לתמוך בדרישות הישראליות,Code specifying the status of a document.,,חטיבה,,,
1941,GoodsItem,כן,7,04L,0..1,כן,           |           |           |           |           |           |____ CalculatedTax,N,מיסים מחושבים,בחטיבה זו מופיעים כל השדות המציינים את סכום המס שחושב על בסיס הנתונים שבחטיבה הקודמת,Date of initial loading onto ship or airplane during one journey from export place to import place.,"an..17
UNTDID 2379 = 304   CCYYMMDDHHMMSSZZZ         Z=Time zone.
",חטיבה,,,
1942,GoodsItem,לא,8,I48,0..1,כן,           |           |           |           |           |           |           |____ Amount,N,סכום מס,"סכום המס שחושב ע""י המערכת לסוג המס הנדון","סכום המס שחושב ע""י המערכת לסוג המס הנדון","n..16,2
(Floating delimiter with maximum decimals as defined)",Amount,,,
1943,GoodsItem,לא,8,I49,0..1,כן,           |           |           |           |           |           |           |____ DeferedTaxAmount,N,סכום מס נדחה,סכום המס הנדחה (לסוג מס זה). סכום זה הופחת מערך המס שחושב.,סכום המס הנדחה (לסוג מס זה). סכום זה יש להפחית מערך המס שחושב.,"n..16,2
(Floating delimiter with maximum decimals as defined)",Amount,,,
1945,GoodsItem,לא,8,I51,0..1,כן,           |           |           |           |           |           |           |____ DefinedPerUnitMethod,N,קצוב,ערך  אבסולוטי ליחידה (ערך המוגדר בתעריף המכס עליו יחושב המס כאשר חישוב מתבסס כל כמות סחורה),ערך  אבסולוטי ליחידה (ערך המוגדר בתעריף המכס עליו יחושב המס כאשר חישוב מתבסס כל כמות סחורה),"n..17,2
(Floating delimiter with maximum decimals as defined)",Amount,,,
1946,GoodsItem,לא,8,I52,0..1,כן,           |           |           |           |           |           |           |____ AlternateRate,N,שיעור אלטרנטיבי,אחוז אלטרנטיבי מערך הסחורה (שעור המס לחישוב המס המתבסס על מחיר מקובל),אחוז אלטרנטיבי מערך הסחורה (שעור המס לחישוב המס המתבסס על מחיר מקובל),"n..5,2
(Floating delimiter with maximum decimals as defined)",Amount,,,
1947,GoodsItem,לא,8,I53,0..1,כן,           |           |           |           |           |           |           |____ AlternateDefinedPerUnitMeasure,N,קצוב אלטרנטיבי,"ערך  אלטרנטיבי  אבסולוטי ליחידה (ערך המוגדר בתעריף המכס עליו יחושב המס כאשר חישוב מתבסס על כמות נוספת)
יעשה רק כאשר יש צורך לחשב מס על פי נוסחה מורכבת","ערך  אלטרנטיבי  אבסולוטי ליחידה (ערך המוגדר בתעריף המכס עליו יחושב המס כאשר חישוב מתבסס על כמות נוספת)
יעשה רק כאשר יש צורך לחשב מס על פי נוסחה מורכבת","n..17,2
(Floating delimiter with maximum decimals as defined)",Amount,,,
2021,GoodsItem,לא,8,I96,0..1,כן,           |           |           |           |           |           |           |____ DefinedPerUnitQuantity,N,כמות הסחורה לקצוב,כמות הסחורה ששימשה לצורך חישוב המס הקצוב,כמות הסחורה ששימשה לצורך חישוב המס הקצוב,"n..16,6
(Floating delimiter with maximum decimals as defined)",Quantity,,,
1948,GoodsItem,לא,8,I54,0..1,כן,           |           |           |           |           |           |           |____ MeasurementUnitCode,N,יחידת מידה,"מידת היחידה ק""ג, ליטר וכו","מידת היחידה ק""ג, ליטר וכו",an..3,Code ,,MeasurementUnit,1385
2022,GoodsItem,לא,8,I97,0..1,כן,           |           |           |           |           |           |           |____ AlternateDefinedPerUnitQuantity,N,כמות הסחורה לקצוב האלטרנטיבי,כמות הסחורה ששימשה לצורך חישוב המס הקצוב האלטרנטיבי,כמות הסחורה ששימשה לצורך חישוב המס הקצוב האלטרנטיבי,"n..16,6
(Floating delimiter with maximum decimals as defined)",Quantity,,,
1949,GoodsItem,לא,8,I55,0..1,כן,           |           |           |           |           |           |           |____ AlternateMeasurementUnit,N,יחידת מידה אלטרנטיבית,יחידת מידת אלטרנטיבית כמו BTU במזגנים,יחידת מידת אלטרנטיבית כמו BTU במזגנים,an..3,Code,,MeasurementUnit,1385
1993,GoodsItem,לא,8,I85,0..1,כן,           |           |           |           |           |           |           |____ TradeLevyNumber,N,זיהוי היטל סחר,מספר ההיטל כפי שהוא מוכר בספר המכס,מספר ההיטל כפי שהוא מוכר בספר המכס,n..10, Identifier,,,
1997,GoodsItem,לא,8,I87,0..1,כן,           |           |           |           |           |           |           |____ TotalBtlCoverageNIS ,N,גובה הלוואה מביטוח לאומי,"גובה ההלוואה מביטוח לאומי לה זכאי היבואן.
קוד המטבע תמיד יהיה שקלים בשדה זה.",גובה ההלואה מביטוח לאומי שחושבה ליבואן,"an..17
(Floating delimiter with maximum decimals as defined)", Identifier,,,
981,GoodsItem,כן,4,70A,0..9,לא,|           |           |           |____ GovernmentProcedure,O,תהליך ברמת הסחורה,תהליך ברמת סחורה,,,חטיבה,,,
982,GoodsItem,לא,5,166,0..1,לא,|           |           |           |           |____ CurrentCode,O,עיתוי שיבוץ ופתיחת בקרת מסמכים,קוד תהליך ברמת סחורה,Code specifying a procedure.,an..7,Code,,ItemGovernmentProcedureType,1422
1021,GoodsItem,כן,4,79A,0..999,לא,|           |           |           |____ InvoiceLine,C,קישור למספר שורה בחשבון,"חטיבה זו מכילה  נתון אינפורמטיבי (לא מבצעים עליו בדיקות תקינות) המציג את הקשר של שורת סחורה זו אל הצרופה של חשבון המכר.
דוגמא:
באותו חשבון מכר נרכשו טושים אדומים וטושים כחולים. כל מוצר נרשם כשורה נפרדת בחשבונית המכר שהופקה. כאשר מזינים את הצהרת היצוא/יבוא, אין סיבה לסווג הכל פעמים כי כל המאפיינים המכסיים זהים. ניתן במקרה כזה להזין שורת סחורה אחת ולקשר אותה לשורות 1,2 בצרופת החשבון.",,,חטיבה,,,
1023,GoodsItem,לא,5,006,0..1,לא,|           |           |           |           |____ SequenceNumeric,C,מספר שורה בחשבון,מספר השורה בצרופת חשבון המכר,Number indicating the position in a sequence.,n..5,Numeric,,,
1223,GoodsItem,כן,3,65A,1..999,לא,|           |           |____ GoodsMeasure,M,פרטי מידות הטובין,כמות טובין - מציין כמה סוגים של כמויות של הסחורה : כמות לתעריף/ כמות סטטיסטית. כל אלו ברמה של כל פרט המכס. ,,,חטיבה,,,
1226,GoodsItem,לא,4,130,1..1,לא,|           |           |           |____ TariffQuantity,M,ערך הכמות הנדונה ,"הערך המספרי של הכמות הנדונה. סוג הכמות (האם כמות לתעריף/כמות נוספת וכו') מופיע בשדה 1753. יחידת המידה של הכמות מובנית כחלק מהגדרת השדה מטיפוס measure. יחידת המידה יכוללה להיות משקל (למשל ק""ג) / נפח/ או כל אחד (לפי recomandataion 20 של ה-un/ece)","Quantity of the goods in the unit as required by Customs for tariff, statistical or fiscal purposes.","n..14,3
(Floating delimiter with maximum decimals as defined)",Quantity,,,
1865,GoodsItem,כן,4,01L,0..1,כן,|           |           |           |____ DMExtensions,M,הרחבות ישראליות,שדות שלא הופיעו במסר ה-WCO המקורי אך נחוצים למכס לתפעול המערכת,,,חטיבה,,,
1753,GoodsItem,לא,4,I17,1..1,כן,|           |           |           |           |____ MeasureQualifier,M,סוג כמות,"מאפיין של סוג הכמות. (מציין אם זה כמות לחישוב מס או כמות לקצוב/ יחידה סטטיסטית וכו'). לכל סחורה מוגדר בספר המכס באיזו יחידת מידה מודדים את הכמות (למשל כמות טובין של מזגן נמדדת ב-""כל אחד"" ואילו הכמות הנוספת ב-BTU)
דוגמאות לסוגי כמויות: כמות טובין, כמות יח' סטטיסטית,",#N/A,an..4,Code,,QuantityType,1440
1232,GoodsItem,כן,3,86A,0..1,לא,|           |           |____ Manufacturer,O,פרטי יצרן,פרטי הזיהוי של היצרן של המוצר מתוך מאגר היצרנים.,,,חטיבה,,,
1233,GoodsItem,לא,4,R043,0..1,לא,|           |           |           |____ ID,O,זיהוי יצרן,מזהה היצרן כפי שהוא מופיע במאגרי המכס,Identifier of party which manufactures goods.,an..17, Identifier,,,
1250,GoodsItem,כן,3,92A,1..1,לא,|           |           |____ Origin,C,מקור הסחורה,ארץ מקור הסחורה,,,חטיבה,,,
1251,GoodsItem,לא,4,063,1..1,לא,|           |           |           |____ CountryCode,C,קןד ארץ מקור / יצור,הארץ בה יוצרו או הופקו הטובין לפי כללי המקור של אמנת קיוטו.,"To identify the country in which the goods have been produced or manufactured, according to criteria laid down for the application of the Customs tariff or quantitative restrictions, or any measure related to trade.",a2,Code,,country,1136
1263,GoodsItem,כן,3,99A,0..999,לא,|           |           |____ PreviousDocument,C,קישור להצהרות נוספות ברמת סחורה,"חטיבה זו משמשת במקרים בהם רוצים להצביע על קשר בין סחורות בהצהרות שונות. בעיקר קשר בין הצהרות יבוא זמני והצהרת יצוא. דוגמא:
בהצהרת יבוא מסויימת הבאתי 15 כפתורים והצהרתי שזה יבוא זמני לצורך עיבוד. לאחר תקופה אני מייצא 3 חולצות שבכל אחת יש 5 כפתורים שיבאתי פעם. על מנת לקבל החזר מיסים על הכפתורים ששילמתי אני מציין בהצהרת היצוא את הקשר להצהרת היבוא. מאחר ואי אפשר להשוות 3 חולצות ל-15 כפתורים אני גם מציין את הכמות שניצלתי מתוך מה שייבאתי. ",,,חטיבה,,,
1264,GoodsItem,לא,4,D018,0..1,לא,|           |           |           |____ ID,C,מספר הצהרה,קישור אל ההצהרה אליה הסחורה הזו קשורה.,The number of a previous document.,an..35, Identifier,,,
1266,GoodsItem,לא,4,171,0..1,לא,|           |           |           |____ SequenceNumeric,C,מספר שורה,סידורי של הסחורה הקשורה בהצהרה הקודמת,Item number pertaining to the previous Customs filing.,n..4,Numeric,,,
1267,GoodsItem,לא,4,D019 ,0..1,לא,|           |           |           |____ TypeCode,C,סוג הצהרה קשורה,סוג ההצהרה הקשורה (הצהרת יבוא/הצהרת יצוא/הצהרת שטעון/קרנה/ מ.ב.161),#N/A,an..3, Code,,LeadDocumentType,1375
1867,GoodsItem,כן,4,01L,0..1,כן,|           |           |           |____ DMExtensions,C,הרחבות ישראליות,שדות שלא הופיעו במסר ה-WCO המקורי אך נחוצים למכס לתפעול המערכת,,,חטיבה,,,
2015,GoodsItem,לא,5,006,0..1,כן,|           |           |           |           |____ SequenceNumeric,C,מספר חשבון בהצהרה,"המספר הסידורי של חשבון המכר כפי שהוא הופיע בהצהרה אליה רוצים לקשר.
מאחר ומספר החשבון לא חובה להזנה (יש חשבונות ללא מספר), המפתח של החשבון יהיה מספרו הסידורי בהצהרה. (בדומה לסחורה)",,n..5,Numeric,,,
1843,GoodsItem,לא,5,I19,0..1,כן,|           |           |           |           |____ QuantityQuantity,C,כמות הסחורה לפי יחידת המידה של ההצהרה המקורית,כמות לפי סוג הכמות של הסחורה הקשורה. (למשל 15 כפתורים ברשימון היבוא  קשורים ל-3 חולצות ביצוא),#N/A,n..16,Quantity,,,
1345,GoodsItem,כן,3,39B,0..999,לא,|           |           |____ ValuationAdjustment,O,התאמות למחיר הסחורה,התאמות למחיר הסחורה,,,חטיבה,,,
1346,GoodsItem,לא,4,188,0..1,לא,|           |           |          |____ AdditionCode,O,סוג התאמות והפחתות,סוג תנועות כספיות נוספות בשורות חשבון המכר ,"A qualifier to identify the type of  WTO valuation agreement addition (Article 8): Price influence, Royalties, Assists, Proceeds, Commissions.",an..3,Code,,ModificationAndDiscountType,1416
1347,GoodsItem,לא,4,125,0..1,לא,|           |           |          |____ AmountAmount,O,ערך התאמות והפחתות,הערך הכספי של התנועה,Monetary amount by which the valuation was adjusted.,"n..16,2
(Floating delimiter with maximum decimals as defined)",Amount,,,
1350,GoodsShipment,כן,2,78A,1..1,לא,|           |____ Invoice,M,מאפייני חשבון מכר,חטיבה זו מכילה את הנתונים הכללים של חשבון המכר,,,חטיבה,,,
1351,GoodsShipment,לא,3,D016,0..1,לא,|           |           |____ ID,C,מספר חשבון,"המספר המצוין בחשבון 
א. ביבוא - חשבון ספק.
 ב. ביצוא - חשבון יצואן",Reference number to identify an invoice.,an..35,Identifier,MIS-HESHBON-MECHER,,
1352,GoodsShipment,לא,3,D015,1..1,לא,|           |           |____ IssueDateTime,C,תאריך הפקת חשבון,"א. התאריך המצוין בחשבון 
ב. ביבוא - חשבון ספק.
 ביצוא - חשבון יצואן
השדה חובה רק כאשר סוג החשבון הוא ""חשבון מכר"" או ""חשבון פרופורמה"" (בדיקה 1811).",Date of issue of an invoice.,"an..17
UNTDID 2379 = 304   CCYYMMDDHHMMSSZZZ         Z=Time zone.
",Date Time,,,
1354,GoodsShipment,לא,3,D025,1..1,לא,|           |           |____ TypeCode,M,סוג חשבון מכר,"ראשי, מישני, פרפורמה (הצעת מחיר), פטור מחשבון וכו'",Code specifying the type of an invoice.,an..3, Code,KOD-SUG-HESHBON,InvoiceType,1404
1868,GoodsShipment,כן,3,01L,0..1,כן,|           |           |____ DMExtensions,C,הרחבות ישראליות (חשבון),שדות שלא הופיעו במסר ה-WCO המקורי אך נחוצים למכס לתפעול המערכת,,,חטיבה,,,
1788,GoodsShipment,לא,4,I28,0..1,כן,|           |           |           |____IsPrefarenceDocumentInd,O,האם חשבון מהווה מסמך העדפה,שדה אינדיקציה כן/לא המציין האם חשבון המכר הזה משמש גם כחשבון העדפה.,#N/A,n1, Identifier,,,
1789,GoodsShipment,לא,4,I29,0..1,כן,|           |           |           |____PrefarenceDocumentType,C,סוג הסכם,סוג הסכם הסחר,#N/A,an..4,Code,,TradeAgreementTypeView,2009
1790,GoodsShipment,לא,4,I30,0..1,כן,|           |           |           |____PaymentType,O,אמצעי תשלום,"סוג אמצעי התשלום באמצעותו שילמו את החשבונית למשל: מזומן ,אשראי, כתב התחיבות ,",#N/A,an..4,Code,,InvoicePaymentMethod,1897
1791,GoodsShipment,לא,4,I31,0..1,כן,|           |           |           |____InvoiceAmount,C,"סה""כ סכום חשבון"," ערך כלל הסחורות בחשבון, לפני מתן הנחות על כלל החשבון.",#N/A,"n..16,2",Amount,,,
1793,GoodsShipment,לא,4,I33,0..1,כן,|           |           |           |____ActualPayedAmount,O,תשלום בפועל,"במקרים מסויימים התשלום שבוצע בפועל שונה מסכום החשבונית. זה יכול להיות מסיבות שונות, לדוגמא: ביצוא ישנה סחורה אשר חלקה ללא תמורה",#N/A,"n..16,2",Amount,,,
2023,GoodsShipment,לא,5,118,0..1,כן,|           |           |           |____ RateNumeric,N,שער מטבע,שער המטבע לפי תאריך חישוב המיסים,The rate at which one specified currency is expressed in another specified currency.,"an..12,3",Numeric,,,
1489,GoodsShipment,כן,2,18B,0..1,לא,|           |____ Supplier,C,פרטי ספק,"פרטי ספק.
כל הספקים צריכים להיות קיימים במערכת המכס טרם שליחת הטיוטא. נתוני הספק שמורים במנהל לקוחות. בהצהרה מציינים רק את זיהוי הספק.",,,חטיבה,,,
1490,GoodsShipment,לא,3,R053,0..1,לא,|           |           |____ ID,C,"מספר ספק/מספר לקוח חו""ל","מזהה הספק כפי שהוא קיים במערכת המכס

",The identifier of the party who supplies goods and/or services.,an..17, Identifier,MIS-SAPAK,,
1511,GoodsShipment,כן,2,22B,1..1,לא,|           |____ TradeTerms,M,פרטי תנאי מכר,תנאי המכר של העסקה כמו CIF/FOB. (Incoterms),,,חטיבה,,,
1512,GoodsShipment,לא,3,090,1..1,לא,|           |           |____ ConditionCode,M,תנאי מכר,תנאי המכר של העסקה כמו CIF/FOB,Code specifying the delivery or transport terms.,a3,Code,,TermsOfSaleType,1426
1515,GoodsShipment,לא,3,L002,0..1,לא,|           |           |____ LocationID,C,ארץ הנפקת החשבון,"שדה זה מתאר המדינה בה הופק החשבון. הוא מחליף את המושג ארץ ספק שהיה קיים בעבר.
א. מטבלת ארצות
ב. ביבוא - ארץ הפקת חשבון - שדה לא חובה בכל המקרים. למשל ביבוא האישי לא חובה להזין אותו כאשר יש תחליף חשבון (טופס 130). רק כאשר החשבון הוא מסוג 'חשבון מכר' או 'פרופורמה' אז שדה זה הוא חובה (בדיקה 1090 במערכת הבדיקות)
 ביצוא - ארץ יצוא - לא חובה

"," Identifier of the point or port of departure, shipment or destination, as required under the applicable delivery term.",an..17, Identifier,,,
1517,GoodsShipment,כן,2,35B,0..999,לא,|           |____ UCR,O,פרטי זיהוי מטען UCR,חטיבה זו מיועדת לשימוש עתידי,,,חטיבה,,,
1518,GoodsShipment,לא,3,016,0..1,לא,|           |           |____ ID,O,זיהוי מטען לפי ספק,"זיהוי המטען כפי שנקבע ע""י הספק בטרם המשלוח הראשוני של המטען. זיהוי זה ילווה את המטען לאורך כל חייו בהתאם לתקן UCR",Unique number assigned to goods being subject to cross border transactions.,an..35,Identifier,,,
1519,GoodsShipment,לא,3,009,0..1,לא,|           |           |____ TraderAssignedReferenceID,O,זיהוי מטען לפי סוכן מכס,"זיהוי המטען כפי שנקבע ע""י סוכן המכס.",Reference assigned by a trader to a declaration.,an..35,Identifier,,,
1543,declaration,כן,1,70A,1..1,לא,|____ GovernmentProcedure,M,תהליך ברמת הצהרה,סוג התהליך ברמת הצהרה,,,חטיבה,,,
1544,declaration,לא,2,166,1..1,לא,|           |____ CurrentCode,M,קוד תהליך להצהרה,"סוג התהליך המבוקש עבור הצהרת היבוא. קודי התהלכים נקבעו לפי העקרונות של אמנת קיוטו. לכל הצהרה יכול להיות רק תהליך אחד, שרלוונטי עבור כל הסחורות בה. בנוסף קיים שדה של תהליך ברמת הסחורה שבא לציין מקרים בהם לסחורה ספציפית מבקשים תהליך ייחודי. כמובן שמתבצעת בדיקה שמוודאת קשר בין תהליכים ברמת ההצהרה לבין תהליכים ברמת הסחורה.",Code specifying a procedure.,an..7,Code,KOD-OTONOMIA ,governmentProcedureType,1354
1547,declaration,כן,1,74A,1..999,לא,|____ Importer,M,פרטי יבואן,"בחטיבה זו יופיעו הפרטים של היבואנים הקשורים להצהרה זו. כל מופע של החטיבה מכיל את מספר זיהוי היבואן וכן את תפקידו בהצהרה זו. תפקידים אפשריים הם למשל: יבואן (חובה אחד בכל הצהרה)/ יבואן מעביר.
כל יבואן צריך להיות קיים במערכת טרם שידור ההצהרה. במידה והיבואן הוא יבואן  זר שעדיין לא הוקם במערכת המכס הוא יזוהה באמצעות מספר הדרכון שלו (ראה פירוט בתיאור של שדה 1548)
זיהוי יבואן יתבצע ע""י מספר זיהוי יבואן בלבד  או שילוב של שלושת השדות הבאים: מדינת דרכון, סוג מסמך מסע, מספר תעודת מסע (יוזן בשדה הזיהוי [מספר יבואן] אך עם attribute  לשדה שמכיל האם זה ת""ז/דרכון/תעודת מעבר),
לדוגמא: 
1.זיהוי יבואן מסחרי יתבצע ע""י שדה זיהוי (מספר ח.פ.)
2. זיהוי יבואן פרטי יתבצע ע""י   שדות : מספר מסמך מסע בשדה זיהוי,  attribute   לשדה זיהוי של סוג תעודת מסע,  מדינת דרכון
",,,חטיבה,,,
1548,declaration,לא,2,R038,0..1,לא,|           |____ ID,C,זיהוי יבואן,"מספר יבואן - ""מספר זיהוי של הישות המשפטית המבצעת פעולה של יבוא/יצוא כאמור בפקודת המכס. מספר זה יכול להיות מספר תעודת זהות כפי שמופיע במרשם התושבים, או מספר חברה/שותפות רשומה/עמותה/מלכ""ר וכדומה, כפי שמופיע ברשם המתאים"".

מספר היבואן יכול להיות גם מספר דרכון או תעודת מסע במקרה של תייר. הדרך לזהות את הסוג של מספר הזיהוי היא באמצעות ה-Attribute בשם ""Identification Scheme. Identifier"" של השדה מטיפוס Identifier. ב-Attribute זה יהיה הקוד עם אחד מהערכים הבאים: ת""ז (או ח.פ.)/ דרכון/ תעודת מסע. כאשר טיפוס סוג הזיהוי הוא דרכון או תעודת מעבר יש חובה להזין גם ארץ הנפקת דרכון. 
",Identifier of party who makes - or on whose behalf a Customs clearing agent or other authorised person makes - an import declaration. This may include a person who has possession of the goods or to whom the goods are consigned.,an..17, Identifier,"MIS-YEVUAN
MIS-YEVUAN-MAAVIR
MIS-YEVUAN-101
MIS-DARKON-101",רשימת ערכים עבור ה- Attribute נמצאת בטבלה CustomerIdentifyType.,1570
1987,Declaration,כן,2,01L,1..1,כן,|           |____ DMExtensions,M,הרחבות ישראליות  (רמת יבואן),שדות שלא הופיעו במסר ה-WCO המקורי אך נחוצים למכס לתפעול המערכת,#N/A,,חטיבה,,,
1735,declaration,לא,3,R005,1..1,כן,|           |           |____ RoleCode,M,סוג היבואן,"תפקיד יבואן בהצהרה.
יכולים להיות מספר סוגי יבואנים בהצהרה ושדה זה בא לציין למה משמש כל אחד מהם.
למשל: 
יבואן  (חובה אחד בכל הצהרה)
יבואן מעביר (במקרים של העברת בעלות)",Code giving specific meaning to a party.,an..3, Code,,ImporterRoleType,1935
1736,declaration,לא,3,I07,0..1,כן,|           |           |____ EntitlementTypeCode,O,קוד סוג זכאות,"שדה זה משמש במקרים בהם  ניתן לבקש הנחה ממיסים על סמך מעמד זכאות שיש ליבואן. על מנת לנצל את הזכאות היבואן חייב להירשם במערכת המכס טרם הגשת ההצהרה. כל הטיפול בזכאים מטופל במנהל זכאויות (תחת מנהל לקוחות). מעמד הזכאות המבוקש מוזן פעם אחת בהצהרה ועבור כל סחורה שמעוניינים לנצל את הזכאות מציינים זאת בשדה קוד תהליך ברמת הסחורה (ראה פירוט בהמשך).
דוגמאות לזכאויות:
עולה חדש
קטין חוזר
סטודנט חוזר
תייר 
תושב קבע
ישראלי מבקר
דיפלומט
שגרירות
ארגונים בינלאומיים",#N/A,an..4, Identifier,MAAMAD-YEVUAN-101,EntitlementType,1930
1692,declaration,לא,3,D027,0..1,לא,|           |           |____ IssueLocation,O,מדינת דרכון,מספר היבואן יכול להיות גם מספר דרכון במקרה של תייר. במקרה כזה ארץ הדרכון נמצאת בשדה זה.,The country or political entity issuing the travel document.,an..256,Text,EREZ-DARKON-101,,
2019,declaration,לא,3,I94,0..1,לא,|           |           |____ Name,C,שם היבואן,"קיימים מקרים בהם אין את מזהה היבואן ואז ניתן לשלוח את רק שם היבואן וכתובתו (לדוג' בהצהרות מסויימות של בלדרים)
משמש גם למסירת פרטי גופה ביבוא אישי",,an..35,Text,,,
2020,declaration,לא,3,I95,0..1,לא,|           |           |____ Address,C,כתובת היבואן,"קיימים מקרים בהם אין את מזהה היבואן ואז ניתן לשלוח את רק שם היבואן וכתובתו (לדוג' בהצהרות מסויימות של בלדרים)
משמש גם למסירת פרטי גופה ביבוא אישי",,an..256,Text,,,
