BASCB,Incoterm,READ
BASCB,PaymentTerm,NEW
BASCB,PaymentTerm,UPDATE
BASCB,PaymentTerm,READ
BASCB,Currency,NEW
BASCB,Currency,UPDATE
BASCB,Currency,READ
BASCB,VatType,NEW
BASCB,VatType,UPDATE
BASCB,VatType,READ
BASCB,General,MAINTENANCE
BASCB,ChargesType,NEW
BASCB,ChargesType,UPDATE
BASCB,ChargesType,READ
BASCB,Port,NEW
BASCB,Port,UPDATE
BASCB,Port,READ
BASCB,Country,NEW
BASCB,Country,UPDATE
BASCB,Country,READ
BASCB,GlobalZone,NEW
BASCB,General,CONTACTS
BASCB,GlobalZone,UPDATE
BASCB,GlobalZone,READ
BASCB,Branch,NEW
BASCB,Branch,UPDATE
BASCB,Branch,READ
BASCB,Department,NEW
BASCB,Department,UPDATE
BASCB,Department,READ
BASCB,Contact,NEW
BASCB,Contact,UPDATE
BASCB,Shipment,ALLMASTERS
BASCB,Contact,READ
BASCB,User,NEW
BASCB,User,UPDATE
BASCB,User,READ
BASCB,General,COUNTRIES
BASCB,State,NEW
BASCB,State,UPDATE
BASCB,State,READ
BASCB,DocumentType,NEW
BASCB,DocumentType,UPDATE
BASCB,General,MASTERS
BASCB,DocumentType,READ
BASCB,EventType,NEW
BASCB,EventType,UPDATE
BASCB,EventType,READ
BASCB,PackageType,NEW
BASCB,PackageType,UPDATE
BASCB,PackageType,READ
BASCB,ShippingLine,READ
BASCB,Trucker,NEW
BASCB,Trucker,UPDATE
BASCB,Trucker,READ
BASCB,Incoterm,NEW
BASCB,CustomAgent,READ
BASCB,Airline,NEW
BASCB,Shipment,Module
BASCB,Airline,UPDATE
BASCB,Airline,READ
BASCB,ShippingLine,NEW
BASCB,ShippingLine,UPDATE
BASCB,General,SHIPPINGAGENTS
BASCB,AccountingTransferHeader,READ
BASCB,MoveType,NEW
BASCB,MoveType,UPDATE
BASCB,MoveType,READ
BASCB,ErrorLog,READ
BASCB,Report,READ
BASCB,Report,NEW
BASCB,Report,UPDATE
BASCB,Commodity,NEW
BASCB,Commodity,READ
BASCB,General,TRUCKERS
BASCB,Commodity,UPDATE
BASCB,Activity,NEW
BASCB,Activity,READ
BASCB,Activity,UPDATE
BASCB,Opportunity,NEW
BASCB,Opportunity,READ
BASCB,Opportunity,UPDATE
BASCB,Stage,NEW
BASCB,Stage,READ
BASCB,Stage,UPDATE
BASCB,General,AGENTS
BASCB,OpportunityStage,NEW
BASCB,OpportunityStage,READ
BASCB,OpportunityStage,UPDATE
BASCB,LeadSource,NEW
BASCB,LeadSource,READ
BASCB,LeadSource,UPDATE
BASCB,Industry,NEW
BASCB,Industry,READ
BASCB,Industry,UPDATE
BASCB,Competitor,NEW
BASCB,Country,Module
BASCB,Competitor,READ
BASCB,Competitor,UPDATE
BASCB,AdditionalService,NEW
BASCB,AdditionalService,READ
BASCB,AdditionalService,UPDATE
BASCB,ExternalSystemsTablesCode,READ
BASCB,ExternalSystemsTablesCode,UPDATE
BASCB,ProductType,NEW
BASCB,Agent,UPDATE
BASCB,Agent,READ
BASCB,Vendor,NEW
BASCB,Vendor,UPDATE
BASCB,Vendor,READ
BASCB,General,AIRLINES
BASCB,Shipment,ALLTRANSPORTMODES
BASCB,Warehouse,NEW
BASCB,Warehouse,UPDATE
BASCB,Warehouse,READ
BASCB,Quote,NEW
BASCB,Quote,UPDATE
BASCB,Quote,READ
BASCB,ARInvoice,NEW
BASCB,ARInvoice,UPDATE
BASCB,ARInvoice,READ
BASCB,ARPayment,NEW
BASCB,Vessel,NEW
BASCB,Vessel,UPDATE
BASCB,Vessel,READ
BASCB,Incoterm,UPDATE
BASCB,General,SHIPMENTS
BASCB,AWBMessagingStock,UPDATE
BASCB,OpportunityClosingReason,NEW
BASCB,General,INCOTERMS
BASCB,OpportunityClosingReason,READ
BASCB,OpportunityClosingReason,UPDATE
BASCB,QuestionnaireAnswer,NEW
BASCB,QuestionnaireAnswer,UPDATE
BASCB,QuestionnaireAnswer,READ
BASCB,Questionnaire,NEW
BASCB,Questionnaire,UPDATE
BASCB,Questionnaire,READ
BASCB,QuestionnaireQuestion,NEW
BASCB,QuestionnaireQuestion,UPDATE
BASCB,Warehouse,Module
BASCB,Master,ALLTRANSPORTMODES
BASCB,QuestionnaireQuestion,READ
BASCB,Department,Module
BASCB,Shipment,UPDATE
BASCB,Shipment,NEW
BASCB,Shipment,READ
BASCB,General,STATES
BASCB,Branch,Module
BASCB,Airline,Module
BASCB,ChargesType,Module
BASCB,CustomAgent,Module
BASCB,General,CURRENCIES
BASCB,General,WAREHOUSES
BASCB,Port,Module
BASCB,PaymentTerm,Module
BASCB,PackageType,Module
BASCB,Agent,Module
BASCB,Incoterm,Module
BASCB,User,Module
BASCB,General,DOCSIN
BASCB,VatType,Module
BASCB,Shipment,AIREXPORTONLY
BASCB,General,VESSELS
BASCB,General,RATESTABLES
BASCB,General,CUSTOMIZATION
BASCB,State,Module
BASCB,Contact,Module
BASCB,Master,CANCELLEDMASTERS
BASCB,General,COMPETITORS
BASCB,ARPayment,UPDATE
BASCB,ARPayment,READ
BASCB,APInvoice,NEW
BASCB,APInvoice,UPDATE
BASCB,APInvoice,READ
BASCB,APPayment,NEW
BASCB,APPayment,UPDATE
BASCB,APPayment,READ
BASCB,ShippingAgent,NEW
BASCB,ShippingAgent,UPDATE
BASCB,General,CUSTOMAGENTS
BASCB,ShippingAgent,READ
BASCB,CommunicationLog,READ
BASCB,TenantManagement,READ
BASCB,TenantManagement,UPDATE
BASCB,AnalyzeQueue,READ
BASCB,CreditCardType,NEW
BASCB,CreditCardType,UPDATE
BASCB,CreditCardType,READ
BASCB,AccountingTransferHeader,NEW
BASCB,AccountingTransferHeader,UPDATE
BASCB,Customer,READ
BASCB,Currency,Module
BASCB,Agent,NEW
BASCB,CustomAgent,NEW
BASCB,CustomAgent,UPDATE
BASCB,Master,OPERATIONALOPEN
BASCB,Master,ACCOUNTINGOPEN
BASCB,General,PACKAGETYPES
BASCB,Master,ALLMASTERS
BASCB,Quote,ALLQUOTES
BASCB,General,PORTS
BASCB,Quote,EXPIREDQUOTES
BASCB,Shipment,SHIPMENTS
BASCB,Shipment,MASTERS
BASCB,Shipment,OPENRECEIVABLESSHIPMENTS
BASCB,Shipment,OPENPAYABLESMASTERS
BASCB,Shipment,EXPECTEDDEPATURE
BASCB,Shipment,ALLFOLLOWUPS
BASCB,Shipment,MYFOLLOWUPS
BASCB,Shipment,ALLSHIPMENTS
BASCB,Shipment,CANCELLEDSHIPMENTS
BASCB,Master,UPDATE
BASCB,General,SHIPPINGLINES
BASCB,Quote,CANCELLEDQUOTES
BASCB,Customer,Module
BASCB,ShippingAgent,Module
BASCB,General,VENDORS
BASCB,General,CREDITCARDTYPES
BASCB,CreditCardType,Module
BASCB,CreditCardType,ALLCREDITCARDS
BASCB,RatesTable,Module
BASCB,Trucker,Module
BASCB,Master,NEW
BASCB,Commodity,Module
BASCB,Competitor,Module
BASCB,Competitor,ALLCOMPETITORS
BASCB,AdditionalService,Module
BASCB,AdditionalService,ALLADDITIONALSERVICES
BASCB,Vendor,Module
BASCB,Master,READ
BASCB,Customer,NEW
BASCB,Customer,UPDATE
BASCB,ProductType,READ
BASCB,ProductType,UPDATE
BASCB,General,DEPARTMENTS
BASCB,BusinessUnit,NEW
BASCB,BusinessUnit,READ
BASCB,BusinessUnit,UPDATE
BASCB,SpecialServicesType,NEW
BASCB,SpecialServicesType,READ
BASCB,SpecialServicesType,UPDATE
BASCB,Region,NEW
BASCB,Region,READ
BASCB,Region,UPDATE
BASCB,General,BRANCHES
BASCB,General,USERS
BASCB,LogitudeLead,NEW
BASCB,LogitudeLead,UPDATE
BASCB,LogitudeLead,READ
BASCB,CustomerSize,NEW
BASCB,CustomerSize,READ
BASCB,CustomerSize,UPDATE
BASCB,AWBMessagingStock,NEW
BASCB,AWBMessagingStock,READ
BUSNB,APInvoice,ALLINVOICES
BUSNB,APInvoice,WAITAPPROVAL
BUSNB,APInvoice,UNPAIDINVOICES
BUSNB,APPayment,ALLPAYMENTS
BUSNB,APPayment,DRAFTPAYMENTS
BUSNB,APPayment,OPENPAYMENTS
BUSNB,APPayment,DOCSOUT
BUSNB,APPayment,DOCSIN
BUSNB,ARInvoice,ERRORINTRANSFERINVOICES
BUSNB,ARPayment,ALLPAYMENTS
BUSNB,User,Module
BUSNB,EventType,Module
BUSNB,RatesTable,Module
BUSNB,State,Module
BUSNB,Airline,Module
BUSNB,Branch,Module
BUSNB,Country,Module
BUSNB,Department,Module
BUSNB,Incoterm,Module
BUSNB,Customer,Customer.Feature.PotentialCustomers
BUSNB,CustomerSize,Module
BUSNB,CustomerSize,ALLCUSTOMERSIZES
BUSNB,General,QUESTIONNAIREGENERAL
BUSNB,General,CUSTOMERSIZES
BUSNB,General,QUESTIONNAIRE
BUSNB,Quote,OPENQUOTES
BUSNB,DocumentType,DOCUMENTTYPES
BUSNB,DocumentType,READ
BUSNB,DocumentType,UPDATE
BUSNB,Master,UPDATE
BUSNB,Master,NEW
BUSNB,Master,READ
BUSNB,Customer,NEW
BUSNB,Customer,UPDATE
BUSNB,Customer,READ
BUSNB,Agent,NEW
BUSNB,Agent,UPDATE
BUSNB,Agent,READ
BUSNB,Vendor,NEW
BUSNB,Vendor,UPDATE
BUSNB,Vendor,READ
BUSNB,CustomAgent,NEW
BUSNB,General,General.Features.Customization
BUSNB,General,NOTIFICATIONBELL
BUSNB,Quote,SENTQUOTES
BUSNB,Quote,ACCEPTEDQUOTES
BUSNB,SpecialServicesType,Module
BUSNB,General,ADDITIONALSERVICES
BUSNB,General,COMPETITORS
BUSNB,General,PRODUCTTYPES
BUSNB,General,SPECIALSERVICESTYPES
BUSNB,General,General.Features.CustomerActivation
BUSNB,Customer,ACTIVATE
BUSNB,Customer,BYLASTSHIPMETN
BUSNB,Customer,CUSTOMERS
BUSNB,Customer,SHAREDLOGISTICSCUSTOMERS
BUSNB,Customer,Customer.Feature.MyCustomers
BUSNB,Customer,MYCUSTOMRERSASACCMNGR
BUSNB,MoveType,Module
BUSNB,Quote,ACCEPTEDWITHOUTSHIPMENTS
BUSNB,Quote,QUTALLFOLLOWUPS
BUSNB,Quote,QUTMYFOLLOWUPS
BUSNB,Quote,MYQUOTES
BUSNB,Quote,DRAFTQUOTES
BUSNB,Branch,BRANCHES
BUSNB,ChargesType,CHARGESTYPES
BUSNB,Commodity,Commodity.Q.AllQuery
BUSNB,CommunicationLog,ALLCOMMLOGS
BUSNB,CommunicationLog,MESSAGEBODY
BUSNB,CommunicationLog,ERROR
BUSNB,Contact,CONTACTS
BUSNB,PackageType,Module
BUSNB,Port,Module
BUSNB,ShippingLine,Module
BUSNB,VatType,Module
BUSNB,Agent,Module
BUSNB,User,ROLES
BUSNB,ChargesType,Module
BUSNB,Master,ACCOUNTINGCLOSE
BUSNB,Master,RECEIVABLES
BUSNB,CommunicationLog,Module
BUSNB,Vessel,Module
BUSNB,Trucker,Module
BUSNB,Customer,Module
BUSNB,ARPayment,OPENPAYMENTS
BUSNB,ARPayment,DRAFTPAYMENTS
BUSNB,AdditionalService,Module
BUSNB,AdditionalService,ALLADDITIONALSERVICES
BUSNB,Agent,AGENTS
BUSNB,Agent,SHAREDLOGISTICSAGENTS
BUSNB,Airline,AIRLINES
BUSNB,DocumentType,Module
BUSNB,General,SHIPPERSANDCONSIGNEES
BUSNB,Account,ALLACCOUNTS
BUSNB,Country,COUNTRIES
BUSNB,Currency,CURRENCIES
BUSNB,CustomAgent,CUSTOMAGENT
BUSNB,EventType,EVENTTYPES
BUSNB,GlobalZone,GLOBALZONES
BUSNB,Incoterm,INCOTERMS
BUSNB,MoveType,ALLMOVETYPES
BUSNB,PackageType,PACKAGETYPES
BUSNB,PaymentTerm,ACCOUNTING
BUSNB,PaymentTerm,PAYMENTTERMS
BUSNB,Port,PORTS
BUSNB,ProductType,ALLPRODUCTTYPES
BUSNB,ProductType,Module
BUSNB,RatesTable,RATESTABLE
BUSNB,ShippingAgent,SHIPPINGAGENT
BUSNB,ShippingLine,SHIPPINGLINE
BUSNB,SpecialServicesType,ALLSPECIALSERVICES
BUSNB,Stage,ALLSTAGES
BUSNB,State,STATES
BUSNB,Trucker,TRUCKERS
BUSNB,VatType,VATTYPES
BUSNB,ExternalSystemsTablesCode,EXTERNALSYSTEMSTABLESCODES
BUSNB,Customer,Customer.Feature.InactiveCustomers
BUSNB,Customer,Customer.Feature.ActiveCustomers
BUSNB,Measurement,READ
BUSNB,Measurement,UPDATE
BUSNB,Measurement,NEW
BUSNB,Measurement,Measurement.Tab.General
BUSNB,Measurement,Measurement.Tab.Events
BUSNB,Measurement,Measurement.Q.AllQuery
BUSNB,Commodity,Module
BUSNB,User,PRODUCTS
BUSNB,General,INDUSTRIES
BUSNB,General,LEADSOURCES
BUSNB,Industry,Module
BUSNB,Master,ACCOUNTINGREOPEN
BUSNB,LeadSource,Module
BUSNB,Industry,ALLINDUSTRIES
BUSNB,LeadSource,ALLLEADSOURCES
BUSNB,General,OPERATIONS
BUSNB,Report,STATISTICSBYAIRLINE
BUSNB,Report,STATISTICSBYSHIPPINGLINES
BUSNB,Report,PROFITBYSHIPMENTSTATISTICS
BUSNB,Report,STATISTICSBYCUSTOMER
BUSNB,Report,STATEMENT
BUSNB,Report,INVOICEBYPARTNER
BUSNB,Shipment,ACCOUNTINGCLOSE
BUSNB,Report,QUOTESSTATISTICS
BUSNB,Report,ARINVOICEINCLUDEVAT
BUSNB,Report,AGEDACCOUNTSRECIEVABLES
BUSNB,Report,OPENFORMATREPORT
BUSNB,Report,IATASTATISTICS
BUSNB,Report,ACCOUNTINGLEDGER
BUSNB,Report,APINVOICEINCLUDEVAT
BUSNB,Report,OCEANSHIPMENTREPORT
BUSNB,Report,STATEMENTBYINVOICEDATE
BUSNB,Report,Module
BUSNB,General,SYSTEMSETTINGS
BUSNB,Competitor,Module
BUSNB,Competitor,ALLCOMPETITORS
BUSNB,APPayment,Module
BUSNB,General,EVENTTYPES
BUSNB,Customer,GENERAL
BUSNB,Customer,ACCOUNTINGTRANSFERE
BUSNB,Vendor,Module
BUSNB,APInvoice,Module
BUSNB,General,DOCUMENTTYPES
BUSNB,Customer,ADDRESSES
BUSNB,Customer,CONTACTS
BUSNB,Customer,EVENTS
BUSNB,Customer,SHAREDLOGISTIC
BUSNB,Customer,AWBSTOCK
BUSNB,Report,ALLREPORTS
BUSNB,General,GETTINGSTARTED
BUSNB,General,GLOBALZONES
BUSNB,General,AGENTS
BUSNB,Warehouse,Module
BUSNB,General,CHARGESTYPES
BUSNB,ARInvoice,Module
BUSNB,General,COUNTRIES
BUSNB,General,CONTACTS
BUSNB,Shipment,CANCEL
BUSNB,ARPayment,Module
BUSNB,Shipment,Module
BUSNB,Shipment,RECEIVABLES
BUSNB,Shipment,PAYABLES
BUSNB,PaymentTerm,Module
BUSNB,GlobalZone,Module
BUSNB,AccountingTransferHeader,Module
BUSNB,General,ACCOUNTINGTRANSFER
BUSNB,General,SHAREDLOGISTICS
BUSNB,General,SHAREDLOGISTICSMENU
BUSNB,General,MOVETYPES
BUSNB,General,REPORTS
BUSNB,Shipment,DOCSOUT
BUSNB,Shipment,DOCSIN
BUSNB,Quote,DOCSOUT
BUSNB,General,MAINTENANCE
BUSNB,Quote,DOCSIN
BUSNB,Master,DOCSOUT
BUSNB,Master,DOCSIN
BUSNB,User,PERMISSIONS
BUSNB,Shipment,ALLMASTERS
BUSNB,General,CANCELINVOICE
BUSNB,General,RATESTABLES
BUSNB,General,QUOTES
BUSNB,CreditCardType,Module
BUSNB,CreditCardType,ALLCREDITCARDS
BUSNB,General,CURRENCIES
BUSNB,General,VATTYPES
BUSNB,General,BRANCHES
BUSNB,General,APINVOICES
BUSNB,General,ARINVOICES
BUSNB,Master,Module
BUSNB,Commodity,Commodity.M.Commodities
BUSNB,General,COUNTERS
BUSNB,General,General.Features.ChangePassword
BUSNB,General,CUSTOMAGENTS
BUSNB,General,General.Features.CompanyAddress
BUSNB,General,General.Features.CompanyLogo
BUSNB,General,General.Features.InvoiceSettings
BUSNB,General,General.Features.LocalSettings
BUSNB,General,General.Features.Signature
BUSNB,General,General.Features.SystemCurrencies
BUSNB,General,General.Features.SystemDefaults
BUSNB,Customer,OVERVIEW
BUSNB,Customer,BILLING
BUSNB,Shipment,ALLTRANSPORTMODES
BUSNB,Master,PAYABLES
BUSNB,Quote,PARTNERS
BUSNB,Quote,CHARGES
BUSNB,Quote,ROUTINGS
BUSNB,Warehouse,WAREHOUSES
BUSNB,Vessel,VESSELS
BUSNB,Vendor,VENDORS
BUSNB,General,CountryCity.M.Cities
BUSNB,Measurement,Measurement.M.Measurements
BUSNB,QuoteStage,QuoteStage.M.QuoteStages
BUSNB,Quote,COMMUNICATION
BUSNB,Quote,DETAILS
BUSNB,Quote,Quote.Followups
BUSNB,Quote,PACKAGES
BUSNB,Shipment,Shipment.Followups
BUSNB,CountryCity,Module
BUSNB,CountryCity,READ
BUSNB,CountryCity,UPDATE
BUSNB,CountryCity,GENERAL
BUSNB,CountryCity,EVENTS
BUSNB,CountryCity,CITIES
BUSNB,CountryCity,NEW
BUSNB,Department,DEPARTMENTS
BUSNB,Measurement,Module
BUSNB,TenantManagement,READ
BUSNB,TenantManagement,UPDATE
BUSNB,CreditCardType,NEW
BUSNB,CreditCardType,UPDATE
BUSNB,Shipment,SHIPMENTS
BUSNB,Shipment,MASTERS
BUSNB,Shipment,OPENRECEIVABLESSHIPMENTS
BUSNB,Shipment,OPENPAYABLESMASTERS
BUSNB,Shipment,ALLFOLLOWUPS
BUSNB,Shipment,MYFOLLOWUPS
BUSNB,Shipment,ALLSHIPMENTS
BUSNB,Shipment,CANCELLEDSHIPMENTS
BUSNB,Quote,CANCELLEDQUOTES
BUSNB,General,TRUCKERS
BUSNB,Master,OPERATIONALOPEN
BUSNB,Quote,ALLQUOTES
BUSNB,Quote,EXPIREDQUOTES
BUSNB,Master,ACCOUNTINGOPEN
BUSNB,Master,ALLMASTERS
BUSNB,Master,CANCELLEDMASTERS
BUSNB,General,VENDORS
BUSNB,General,DEPARTMENTS
BUSNB,General,DASHBOARD
BUSNB,General,CUSTOMERS
BUSNB,General,SHIPPINGLINES
BUSNB,General,SHIPPINGAGENTS
BUSNB,General,SHIPMENTS
BUSNB,General,PAYMENTTERMS
BUSNB,Master,ALLTRANSPORTMODES
BUSNB,General,PACKAGETYPES
BUSNB,General,PERSONALSETTINGS
BUSNB,General,CUSTOMIZATION
BUSNB,General,EVENTS
BUSNB,CustomAgent,Module
BUSNB,General,PORTS
BUSNB,General,BUILDQUERIES
BUSNB,General,STATES
BUSNB,General,DOCSIN
BUSNB,Quote,Module
BUSNB,ShippingAgent,Module
BUSNB,Currency,Module
BUSNB,General,USERS
BUSNB,General,HOWTOACCOUNTINGSETTINGS
BUSNB,Master,CONSOLIDATION
BUSNB,Shipment,CONSOLIDATION
BUSNB,Shipment,COMMUNICATIONS
BUSNB,Master,COMMUNICATIONS
BUSNB,Contact,Module
BUSNB,General,CREDITCARDTYPES
BUSNB,General,WAREHOUSES
BUSNB,General,VESSELS
BUSNB,General,MASTERS
BUSNB,General,AIRLINES
BUSNB,ARInvoice,MARKEDASBLOCKEDFORTRANSFER
BUSNB,ARInvoice,NOTREADYINVOICES
BUSNB,ARInvoice,UNPAIDINVOICES
BUSNB,ARInvoice,DRAFTINVOICES
BUSNB,ARInvoice,ALLINVOICES
BUSNB,ARInvoice,DOCSIN
BUSNB,ARInvoice,DOCSOUT
BUSNB,General,INCOTERMS
BUSNB,ARPayment,READ
BUSNB,APInvoice,NEW
BUSNB,APInvoice,UPDATE
BUSNB,APInvoice,READ
BUSNB,APPayment,NEW
BUSNB,APPayment,UPDATE
BUSNB,APPayment,READ
BUSNB,ShippingAgent,NEW
BUSNB,ShippingAgent,UPDATE
BUSNB,ShippingAgent,READ
BUSNB,CommunicationLog,READ
BUSNB,ProductType,READ
BUSNB,ProductType,UPDATE
BUSNB,Shipment,UPDATE
BUSNB,Shipment,NEW
BUSNB,Shipment,READ
BUSNB,Branch,READ
BUSNB,Department,NEW
BUSNB,Department,UPDATE
BUSNB,Department,READ
BUSNB,Contact,NEW
BUSNB,Contact,UPDATE
BUSNB,Contact,READ
BUSNB,User,NEW
BUSNB,User,UPDATE
BUSNB,User,READ
BUSNB,Currency,NEW
BUSNB,Currency,UPDATE
BUSNB,Currency,READ
BUSNB,VatType,NEW
BUSNB,VatType,UPDATE
BUSNB,VatType,READ
BUSNB,ChargesType,NEW
BUSNB,ChargesType,UPDATE
BUSNB,ChargesType,READ
BUSNB,Port,NEW
BUSNB,Port,UPDATE
BUSNB,Port,READ
BUSNB,Country,NEW
BUSNB,Country,UPDATE
BUSNB,Country,READ
BUSNB,GlobalZone,NEW
BUSNB,GlobalZone,UPDATE
BUSNB,GlobalZone,READ
BUSNB,Branch,NEW
BUSNB,Branch,UPDATE
BUSNB,State,NEW
BUSNB,State,UPDATE
BUSNB,State,READ
BUSNB,DocumentType,NEW
BUSNB,EventType,NEW
BUSNB,EventType,UPDATE
BUSNB,EventType,READ
BUSNB,PackageType,NEW
BUSNB,PackageType,UPDATE
BUSNB,PackageType,READ
BUSNB,Vessel,NEW
BUSNB,Vessel,UPDATE
BUSNB,Vessel,READ
BUSNB,Warehouse,NEW
BUSNB,Warehouse,UPDATE
BUSNB,Warehouse,READ
BUSNB,Quote,NEW
BUSNB,Quote,UPDATE
BUSNB,Quote,READ
BUSNB,ARInvoice,NEW
BUSNB,ARInvoice,UPDATE
BUSNB,ARInvoice,READ
BUSNB,ARPayment,NEW
BUSNB,ARPayment,UPDATE
BUSNB,CustomAgent,UPDATE
BUSNB,CustomAgent,READ
BUSNB,Airline,NEW
BUSNB,Airline,UPDATE
BUSNB,Airline,READ
BUSNB,ShippingLine,NEW
BUSNB,ShippingLine,UPDATE
BUSNB,ShippingLine,READ
BUSNB,Trucker,NEW
BUSNB,Trucker,UPDATE
BUSNB,Trucker,READ
BUSNB,Incoterm,NEW
BUSNB,Incoterm,UPDATE
BUSNB,Incoterm,READ
BUSNB,PaymentTerm,NEW
BUSNB,PaymentTerm,UPDATE
BUSNB,PaymentTerm,READ
BUSNB,CustomerSize,NEW
BUSNB,SpecialServicesType,NEW
BUSNB,SpecialServicesType,READ
BUSNB,SpecialServicesType,UPDATE
BUSNB,CustomerSize,READ
BUSNB,CustomerSize,UPDATE
BUSNB,QuestionnaireAnswer,NEW
BUSNB,QuestionnaireAnswer,UPDATE
BUSNB,QuestionnaireAnswer,READ
BUSNB,QuestionnaireQuestion,NEW
BUSNB,QuestionnaireQuestion,UPDATE
BUSNB,QuestionnaireQuestion,READ
BUSNB,CreditCardType,READ
BUSNB,AccountingTransferHeader,NEW
BUSNB,AccountingTransferHeader,UPDATE
BUSNB,AccountingTransferHeader,READ
BUSNB,MoveType,NEW
BUSNB,MoveType,UPDATE
BUSNB,MoveType,READ
BUSNB,Report,READ
BUSNB,Report,NEW
BUSNB,Report,UPDATE
BUSNB,Commodity,NEW
BUSNB,Commodity,READ
BUSNB,Commodity,UPDATE
BUSNB,LeadSource,NEW
BUSNB,LeadSource,READ
BUSNB,LeadSource,UPDATE
BUSNB,Industry,NEW
BUSNB,Industry,READ
BUSNB,Industry,UPDATE
BUSNB,Competitor,NEW
BUSNB,Competitor,READ
BUSNB,Competitor,UPDATE
BUSNB,AdditionalService,NEW
BUSNB,AdditionalService,READ
BUSNB,AdditionalService,UPDATE
BUSNB,ExternalSystemsTablesCode,READ
BUSNB,ExternalSystemsTablesCode,UPDATE
BUSNB,ProductType,NEW
CUSTB,User,User.Query.InactiveUsers
CUSTB,Customs.CustomBank,UPDATE
CUSTB,Customs.CustomBank,NEW
CUSTB,Customs.CustomBank,CUSTOMBANKS
CUSTB,Customs.CustomsHouseType,EVENTS
CUSTB,Customs.CustomsHouseType,GENERAL
CUSTB,Customs.CustomsHouseType,CUSTOMSHOUSETYPE
CUSTB,Customs.CustomsHouseTypeAdditional,EVENTS
CUSTB,Customs.CustomsHouseTypeAdditional,GENERAL
CUSTB,Customs.CustomsHouseTypeAdditional,HOUSETYPEADDITIONAL
CUSTB,Customs.CustomsCollateral,Module
CUSTB,Customs.CustomsCollateral,UPDATE
CUSTB,Customs.CustomsCollateral,READ
CUSTB,Customs.CustomsCollateral,NEW
CUSTB,Customs.CustomsCollateral,ALLCOLLATERALS
CUSTB,Customs.CustomsCollateral,OPENCOLLATERALS
CUSTB,Customs.CustomsVendor,Module
CUSTB,Customs.CustomsVendor,READ
CUSTB,Customs.CustomsVendor,UPDATE
CUSTB,Customs.CustomsVendor,NEW
CUSTB,Customs.CustomsVendor,ACTIVEVENDORS
CUSTB,Customs.CustomsVendor,ALLVENDORS
CUSTB,Customs.Declaration,DECLARATIONPAYMENT
CUSTB,General,DOCUMENTTYPES
CUSTB,DocumentType,Module
CUSTB,DocumentType,COPIES
CUSTB,DocumentType,CUSTOMEFIELD
CUSTB,DocumentType,EVENTS
CUSTB,DocumentType,GENERAL
CUSTB,DocumentType,HTMLTEMPLATES
CUSTB,DocumentType,PRINTINGOPTIONS
CUSTB,DocumentType,SHAREDLOGISTICS
CUSTB,DocumentType,TEMPLATES
CUSTB,DocumentType,DOCUMENTTYPES
CUSTB,General,CUSTOMSCOLLATERAL
CUSTB,General,NOTIFICATIONDEFINITION
CUSTB,General,PROCEDURALFAULTS
CUSTB,Customs.PaymentOrder,CLOSEPAYMENTORDER
CUSTB,Customs.PaymentOrder,MOREPAYMENTORDER
CUSTB,Customs.PaymentOrder,UNCLOSEPAYMENTORDER
CUSTB,Customs.PaymentOrder,COMMUNICATIONS
CUSTB,Customs.PaymentOrder,DEFICIT
CUSTB,Customs.PaymentOrder,DEPOSIT
CUSTB,Customs.PaymentOrder,EVENTS
CUSTB,Customs.PaymentOrder,GENERAL
CUSTB,Customs.PaymentOrder,REQUESTSHEET
CUSTB,Customs.PaymentOrder,CLOSEDPAYMENTORDERS
CUSTB,Customs.PaymentOrder,OPENPAYMENTORDERS
CUSTB,Customs.PhysicalCheck,COMMUNICATIONS
CUSTB,Customs.PhysicalCheck,EVENTS
CUSTB,Customs.PhysicalCheck,GENERAL
CUSTB,Customs.PhysicalCheck,REQUESTSHEET
CUSTB,Customs.ProceduralFault,Module
CUSTB,Customs.ProceduralFault,READ
CUSTB,Customs.ProceduralFault,PROCEDURALFAULT
CUSTB,Customs.Vehicle,Module
CUSTB,Customs.Vehicle,READ
CUSTB,Customs.Vehicle,UPDATE
CUSTB,Customs.Vehicle,NEW
CUSTB,Customs.Vehicle,COMMUNICATIONS
CUSTB,Customs.Vehicle,EVENTS
CUSTB,Customs.Vehicle,GENERAL
CUSTB,Customs.Vehicle,MOREDETAILS
CUSTB,Customs.Vehicle,OWNERSAFETY
CUSTB,Customs.Vehicle,VEHICLES
CUSTB,General,CUSTOMIZATION
CUSTB,General,BUILDQUERIES
CUSTB,Customs.NotificationDefinition,Module
CUSTB,Customs.NotificationDefinition,READ
CUSTB,Customs.NotificationDefinition,UPDATE
CUSTB,Customs.NotificationDefinition,EVENTS
CUSTB,Customs.NotificationDefinition,GENERAL
CUSTB,Customs.NotificationDefinition,NOTIFICATIONDEFINITION
CUSTB,Customs.Declaration,ITEMVEHICLES
CUSTB,Customs.Declaration,PRINTTDECLARATIONFORM
CUSTB,Customs.Declaration,PRINTTZRUFA
CUSTB,Customs.Declaration,NOTIFICATION
CUSTB,Customs.PaymentOrder,PRINTPAYMENTORDER
CUSTB,User,DISTRIBUTOR
CUSTB,User,PRODUCTS
CUSTB,User,User.Query.ActiveNotLicensed
CUSTB,User,User.Query.ActiveUsers
CUSTB,User,User.Query.AllUsers
CUSTB,General,NOTIFICATIONBELL
CUSTB,Customs.CustomBank,READ
CUSTB,Customer,Module
CUSTB,Customer,CUSTOMERS
CUSTB,General,MAINTENANCE
CUSTB,General,USERS
CUSTB,User,Module
CUSTB,User,ROLES
CUSTB,User,PERMISSIONS
CUSTB,General,BRANCHES
CUSTB,General,DEPARTMENTS
CUSTB,Branch,Module
CUSTB,Branch,BRANCHES
CUSTB,Department,Module
CUSTB,Department,DEPARTMENTS
CUSTB,General,CUSTOMS
CUSTB,General,COMPETITORS
CUSTB,Shipment,UPDATE
CUSTB,Shipment,NEW
CUSTB,Shipment,READ
CUSTB,Master,UPDATE
CUSTB,Master,NEW
CUSTB,Master,READ
CUSTB,Customer,NEW
CUSTB,Customer,UPDATE
CUSTB,Customer,READ
CUSTB,ChargesType,NEW
CUSTB,ChargesType,UPDATE
CUSTB,ChargesType,READ
CUSTB,Port,NEW
CUSTB,Port,UPDATE
CUSTB,Port,READ
CUSTB,Country,NEW
CUSTB,Country,UPDATE
CUSTB,Country,READ
CUSTB,GlobalZone,NEW
CUSTB,Incoterm,READ
CUSTB,PaymentTerm,NEW
CUSTB,PaymentTerm,UPDATE
CUSTB,PaymentTerm,READ
CUSTB,Currency,NEW
CUSTB,Currency,UPDATE
CUSTB,Currency,READ
CUSTB,VatType,NEW
CUSTB,VatType,UPDATE
CUSTB,VatType,READ
CUSTB,Agent,NEW
CUSTB,Agent,UPDATE
CUSTB,Agent,READ
CUSTB,Vendor,NEW
CUSTB,Vendor,UPDATE
CUSTB,Vendor,READ
CUSTB,CustomAgent,NEW
CUSTB,CustomAgent,UPDATE
CUSTB,CustomAgent,READ
CUSTB,Airline,NEW
CUSTB,Airline,UPDATE
CUSTB,Airline,READ
CUSTB,ShippingLine,NEW
CUSTB,ShippingLine,UPDATE
CUSTB,ShippingLine,READ
CUSTB,Trucker,NEW
CUSTB,Trucker,UPDATE
CUSTB,Trucker,READ
CUSTB,Incoterm,NEW
CUSTB,Incoterm,UPDATE
CUSTB,MoveType,NEW
CUSTB,MoveType,UPDATE
CUSTB,MoveType,READ
CUSTB,ErrorLog,READ
CUSTB,Report,READ
CUSTB,Report,NEW
CUSTB,Report,UPDATE
CUSTB,Commodity,NEW
CUSTB,Commodity,READ
CUSTB,Commodity,UPDATE
CUSTB,Activity,NEW
CUSTB,Activity,READ
CUSTB,Activity,UPDATE
CUSTB,Opportunity,NEW
CUSTB,Opportunity,READ
CUSTB,Opportunity,UPDATE
CUSTB,Stage,NEW
CUSTB,CommunicationLog,READ
CUSTB,TenantManagement,READ
CUSTB,TenantManagement,UPDATE
CUSTB,AnalyzeQueue,READ
CUSTB,CreditCardType,NEW
CUSTB,CreditCardType,UPDATE
CUSTB,CreditCardType,READ
CUSTB,AccountingTransferHeader,NEW
CUSTB,AccountingTransferHeader,UPDATE
CUSTB,AccountingTransferHeader,READ
CUSTB,ARPayment,READ
CUSTB,APInvoice,NEW
CUSTB,APInvoice,UPDATE
CUSTB,APInvoice,READ
CUSTB,APPayment,NEW
CUSTB,APPayment,UPDATE
CUSTB,APPayment,READ
CUSTB,ShippingAgent,NEW
CUSTB,ShippingAgent,UPDATE
CUSTB,ShippingAgent,READ
CUSTB,Warehouse,UPDATE
CUSTB,Warehouse,READ
CUSTB,Quote,NEW
CUSTB,Quote,UPDATE
CUSTB,Quote,READ
CUSTB,ARInvoice,NEW
CUSTB,ARInvoice,UPDATE
CUSTB,ARInvoice,READ
CUSTB,ARPayment,NEW
CUSTB,ARPayment,UPDATE
CUSTB,EventType,NEW
CUSTB,EventType,UPDATE
CUSTB,EventType,READ
CUSTB,PackageType,NEW
CUSTB,PackageType,UPDATE
CUSTB,PackageType,READ
CUSTB,Vessel,NEW
CUSTB,Vessel,UPDATE
CUSTB,Vessel,READ
CUSTB,Warehouse,NEW
CUSTB,Contact,READ
CUSTB,User,NEW
CUSTB,User,UPDATE
CUSTB,User,READ
CUSTB,State,NEW
CUSTB,State,UPDATE
CUSTB,State,READ
CUSTB,DocumentType,NEW
CUSTB,DocumentType,UPDATE
CUSTB,DocumentType,READ
CUSTB,GlobalZone,UPDATE
CUSTB,GlobalZone,READ
CUSTB,Branch,NEW
CUSTB,Branch,UPDATE
CUSTB,Branch,READ
CUSTB,Department,NEW
CUSTB,Department,UPDATE
CUSTB,Department,READ
CUSTB,Contact,NEW
CUSTB,Contact,UPDATE
CUSTB,AWBMessagingStock,UPDATE
CUSTB,OpportunityClosingReason,NEW
CUSTB,OpportunityClosingReason,READ
CUSTB,OpportunityClosingReason,UPDATE
CUSTB,QuestionnaireAnswer,NEW
CUSTB,QuestionnaireAnswer,UPDATE
CUSTB,QuestionnaireAnswer,READ
CUSTB,Questionnaire,NEW
CUSTB,Questionnaire,UPDATE
CUSTB,Questionnaire,READ
CUSTB,QuestionnaireQuestion,NEW
CUSTB,QuestionnaireQuestion,UPDATE
CUSTB,QuestionnaireQuestion,READ
CUSTB,CustomerSize,NEW
CUSTB,CustomerSize,READ
CUSTB,CustomerSize,UPDATE
CUSTB,AWBMessagingStock,NEW
CUSTB,AWBMessagingStock,READ
CUSTB,LeadSource,UPDATE
CUSTB,Industry,NEW
CUSTB,Industry,READ
CUSTB,Industry,UPDATE
CUSTB,Competitor,NEW
CUSTB,Competitor,READ
CUSTB,Competitor,UPDATE
CUSTB,AdditionalService,NEW
CUSTB,AdditionalService,READ
CUSTB,AdditionalService,UPDATE
CUSTB,ExternalSystemsTablesCode,READ
CUSTB,ExternalSystemsTablesCode,UPDATE
CUSTB,ProductType,NEW
CUSTB,ProductType,READ
CUSTB,ProductType,UPDATE
CUSTB,BusinessUnit,NEW
CUSTB,BusinessUnit,READ
CUSTB,BusinessUnit,UPDATE
CUSTB,SpecialServicesType,NEW
CUSTB,SpecialServicesType,READ
CUSTB,Stage,READ
CUSTB,Stage,UPDATE
CUSTB,OpportunityStage,NEW
CUSTB,OpportunityStage,READ
CUSTB,OpportunityStage,UPDATE
CUSTB,LeadSource,NEW
CUSTB,LeadSource,READ
CUSTB,SpecialServicesType,UPDATE
CUSTB,Region,NEW
CUSTB,Region,READ
CUSTB,Region,UPDATE
CUSTB,LogitudeLead,NEW
CUSTB,LogitudeLead,UPDATE
CUSTB,LogitudeLead,READ
CUSTB,Customs.Declaration,Module
CUSTB,Customs.Declaration,READ
CUSTB,Customs.Declaration,UPDATE
CUSTB,Customs.Declaration,NEW
CUSTB,Customs.Declaration,DECLARATION
CUSTB,General,ITEM
CUSTB,Customs.PhysicalCheck,Module
CUSTB,Customs.PaymentOrder,Module
CUSTB,Customs.PaymentOrder,READ
CUSTB,Customs.PhysicalCheck,READ
CUSTB,Customs.PaymentOrder,UPDATE
CUSTB,Customs.PhysicalCheck,UPDATE
CUSTB,Customs.PaymentOrder,NEW
CUSTB,Customs.PhysicalCheck,NEW
CUSTB,Customs.PaymentOrder,PAYMENTORDERS
CUSTB,Customs.PhysicalCheck,BYUPCOMINGCHECK
CUSTB,General,CUSTOMBANK
CUSTB,General,INTERFACEMANAGEMENT
CUSTB,General,MAINCUSTOMERS
CUSTB,General,SHIPPERSANDCONSIGNEES
CUSTB,Customs.CustomsSetting,Module
CUSTB,Customs.CustomsSetting,READ
CUSTB,Customs.CustomsSetting,UPDATE
CUSTB,Customs.CustomsSetting,EVENTS
CUSTB,Customs.CustomsSetting,GENERAL
CUSTB,Customs.CustomsSetting,CUSTOMSETTING
CUSTB,General,CUSTOMSETTING
CUSTB,Customs.CustomsHouseType,Module
CUSTB,Customs.CustomsHouseTypeAdditional,Module
CUSTB,Customs.CustomsHouseType,UPDATE
CUSTB,Customs.CustomsHouseTypeAdditional,UPDATE
CUSTB,Customs.CustomsHouseType,READ
CUSTB,Customs.CustomsHouseTypeAdditional,READ
CUSTB,Customs.CustomBank,Module
CUSTB,Country,Module
CUSTB,Country,COUNTRIES
CUSTB,General,COUNTRIES
CUSTB,Currency,Module
CUSTB,Currency,CURRENCIES
CUSTB,General,CURRENCIES
CUSTB,Customs.Notification,Module
CUSTB,Customs.Notification,READ
CUSTB,Customs.Notification,UPDATE
CUSTB,Customs.Notification,REQUESTSHEET
CUSTB,Customs.Declaration,NOTIFICATIONS
CUSTB,General,VEHICLE
CUSTB,Customs.Declaration,ACTIONS
CUSTB,Customs.Declaration,STATUSREQUEST
CUSTB,Customs.Declaration,RESETDECLARATIONNUMBER
CUSTB,Customs.Declaration,DECLARATIONRESTORE
CUSTB,Customs.Declaration,COPY
CUSTB,Customs.Declaration,CORRECTIONS
CUSTB,Customs.Client,SAVENEWDIRECT
CUSTB,Customs.Claim,Claim.Tab.RequestSheet
CUSTB,Customs.Claim,Claim.Tab.General
CUSTB,Customs.Claim,Claim.Tab.Events
CUSTB,Customs.Claim,Claim.Q.CLMQ
CUSTB,CommunicationLog,Module
CUSTB,CommunicationLog,STEPS
CUSTB,CommunicationLog,MESSAGEBODY
CUSTB,CommunicationLog,ERROR
CUSTB,CommunicationLog,ALLCOMMLOGS
CUSTB,CommunicationLog,TODAYCOMMLOGS
CUSTB,TenantManagement,Module
CUSTB,TenantManagement,EnableTenantManagementEdit
CUSTB,TenantManagement,GENERAL
CUSTB,TenantManagement,STATISTICS
CUSTB,TenantManagement,EVENTS
CUSTB,TenantManagement,ALLTENANTMGS
CUSTB,TenantManagement,INACTIVETENANTMGS
CUSTB,Customs.Declaration,PRINTRELEASE
CUSTB,Customs.Declaration,Module
CUSTB,Customs.Declaration,READ
CUSTB,Customs.Declaration,UPDATE
CUSTB,Customs.Declaration,NEW
CUSTB,Customs.Declaration,NOTIFICATION
CUSTB,Customs.Declaration,NOTIFICATIONS
CUSTB,Customs.Declaration,CORRECTIONS
CUSTB,General,AppSettingsBtn
CUSTB,Customs.Declaration,TRANSFERTOCOLLECTOR
CUSTB,Customs.Declaration,CERTIFICATE
CUSTB,Customs.Client,Module
CUSTB,Customs.Client,REQUESTSHEETS
CUSTB,Customs.Client,CLIENTS
CUSTB,Customs.Declaration,FORMS
CUSTB,Customs.Vehicle,SENDVEHICLE
CUSTB,Customs.Vehicle,DELETEVEHICLE
CUSTB,Customer,EVENTS
CUSTB,Customs.Declaration,IKEA
CUSTB,Customs.GovernmentProcedureType,Module
CUSTB,Customs.GovernmentProcedureType,READ
CUSTB,Customs.Claim,Claim.Tab.CustomDocuments
CUSTB,Customs.Claim,SENDCLAIM
CUSTB,Customs.Claim,Claim.Q.OpenClaimFiles
CUSTB,Customs.Claim,Claim.Q.AllClaimFiles
CUSTB,Customs.GovernmentProcedureType,UPDATE
CUSTB,Customs.GovernmentProcedureType,NEW
CUSTB,Customs.GovernmentProcedureType,GENERAL
CUSTB,Customs.GovernmentProcedureType,EVENTS
CUSTB,Customs.GovernmentProcedureType,GOVERNMENTPROCEDURETYPE
CUSTB,ApiCredintials,Module
CUSTB,ApiCredintials,READ
CUSTB,ApiCredintials,UPDATE
CUSTB,ApiCredintials,NEW
CUSTB,ApiCredintials,ApiCredintialsQ
CUSTB,Customs.CustomsRequiredField,Module
CUSTB,Customs.CustomsRequiredField,CSTMREQFIELDMTC
CUSTB,Customs.Declaration,LOADVEHICLESFROMUNI
CUSTB,General,General.Features.Customization
CUSTB,Customer,MAINCUSTOMERS
CUSTB,Customer,GENERAL
CUSTB,Customer,NEWCUSTOMER
CUSTB,Customs.SupplierInvoice,Module
CUSTB,Customs.SupplierInvoice,READ
CUSTB,Customs.SupplierInvoice,UPDATE
CUSTB,Customs.SupplierInvoice,NEW
CUSTB,General,EXPORTEXCEL
CUSTB,Customs.Claim,Claim.Tab.ImporterDeclarationA
CUSTB,Customs.Claim,Claim.Tab.RefundDetails
CUSTB,Customs.PaymentOrder,PRINTDEFICIT
CUSTB,Customs.Claim,CLAIMACTIONS
CUSTB,Customs.Claim,CLOSECLAIM
CUSTB,Customs.Claim,CANCELCLOSECLAIM
CUSTB,Customs.CouriersVat,READ
CUSTB,Customs.Declaration,SPLIT
CUSTB,Customs.CouriersVat,Module
CUSTB,Customs.CouriersVat,UPDATE
CUSTB,Customs.CouriersVat,NEW
CUSTB,Customs.CouriersVat,CouriersVat.Tab.General
CUSTB,Customs.CouriersVat,CouriersVat.Q.AllCouriersVats
CUSTB,General,CouriersVatMTC
CUSTB,Customs.Declaration,ACCUMULATION
CUSTB,Customs.Declaration,DECLARATIONSPECIALACTION
CUSTB,General,CUSTOMSIGN
CUSTB,Customs.Declaration,PRINTTAZRUFA
CUSTB,Customs.CustomsCollateral,CLOSEDCOLLATERALS
CUSTB,Customs.Declaration,VEHICLEMODIFICATION
CUSTB,Customs.Vehicle,REQUESTSHEET
CUSTB,Customs.Claim,Module
CUSTB,Customs.Claim,Claim.Tab.ImporterDeclarationBC
CUSTB,Customs.Claim,READ
CUSTB,Customs.Claim,UPDATE
CUSTB,Customs.Claim,NEW
CUSTB,Customs.Claim,Claim.Tab.????
CUSTB,Customs.Claim,Claim.Tab.???????????
CUSTB,Customs.Claim,Claim.Tab.???????
CUSTB,Customs.Claim,Claim.Tab.???????????
CUSTB,Customs.Claim,Claim.Tab.ImporterDeclarationB+C
CUSTB,DocumentsFiling,Module
CUSTB,General,ApiCredintials
CUSTB,DocumentsFiling,READ
CUSTB,DocumentsFiling,UPDATE
CUSTB,DocumentsFiling,NEW
CUSTB,DocumentsFiling,DOCUMENTSFILING
CUSTB,General,DOCSIN
CUSTB,User,User.Feature.CustomRoles
CUSTB,Customs.Declaration,DOCUMENTSPANEL
DVMTB,Master,OPERATIONALOPEN
DVMTB,Master,ACCOUNTINGOPEN
DVMTB,Master,CANCELLEDMASTERS
DVMTB,Shipment,CONSOLIDATION
DVMTB,Distributor,Module
DVMTB,Distributor,READ
DVMTB,Distributor,UPDATE
DVMTB,Distributor,NEW
DVMTB,Distributor,Distributor.Tab.General
DVMTB,Distributor,Distributor.Tab.Tenants
DVMTB,Distributor,Distributor.Tab.Events
DVMTB,Distributor,Distributor.Q.AllDistributors
DVMTB,Distributor,Distributor.M.Distributors
DVMTB,TenantManagement,Module
DVMTB,TenantManagement,INACTIVETENANTMGS
DVMTB,TenantManagement,TRAILTENANTMGS
DVMTB,TenantManagement,PAYINGTENANTMGS
DVMTB,TenantManagement,NOTRECURRINGTENANTS
DVMTB,ARInvoice,OPENCONSTUTUENT
DVMTB,User,DISTRIBUTOR
DVMTB,CommunicationLog,STEPS
DVMTB,Customs.Declaration,Module
DVMTB,Customs.Declaration,READ
DVMTB,Customs.PaymentOrder,READ
DVMTB,Customs.PhysicalCheck,READ
DVMTB,Customs.Declaration,UPDATE
DVMTB,Customs.PhysicalCheck,UPDATE
DVMTB,Customs.PaymentOrder,UPDATE
DVMTB,Customs.Declaration,NEW
DVMTB,Customs.PaymentOrder,NEW
DVMTB,Customs.PhysicalCheck,NEW
DVMTB,Customer,MAINCUSTOMERS
DVMTB,Customs.Declaration,DECLARATION
DVMTB,Customs.PaymentOrder,PAYMENTORDERS
DVMTB,Customs.PhysicalCheck,BYUPCOMINGCHECK
DVMTB,General,CUSTOMBANK
DVMTB,General,EXCHANGERATE
DVMTB,General,INTERFACEMANAGEMENT
DVMTB,General,ITEM
DVMTB,General,NOTIFICATIONDEFINITION
DVMTB,Customer,SHAREDLOGISTIC
DVMTB,ARInvoice,ERRORINTRANSFERINVOICES
DVMTB,Opportunity,Opportunity.Q.MyClosedOpportunities
DVMTB,Opportunity,Opportunity.Q.AllClosedOpportunities
DVMTB,Opportunity,Opportunity.Q.AllOpenOpportunities
DVMTB,Shipment,SENTFSR
DVMTB,Activity,Activity.Q.MyOpenActivities
DVMTB,Activity,Activity.Q.AllOpenActivities
DVMTB,Activity,Activity.Q.MyClosedActivities
DVMTB,Activity,Activity.Q.AllClosedActivities
DVMTB,Activity,Activity.Q.AllActivities
DVMTB,Activity,Module
DVMTB,Stage,Module
DVMTB,General,ADDITIONALSERVICES
DVMTB,General,COMPETITORS
DVMTB,Customer,GENERAL
DVMTB,Customer,Customer.Feature.MyCustomers
DVMTB,Incoterm,INCOTERMS
DVMTB,LeadSource,Module
DVMTB,Opportunity,Module
DVMTB,LeadSource,ALLLEADSOURCES
DVMTB,Opportunity,Opportunity.Q.MyOpenOpportunities
DVMTB,General,INDUSTRIES
DVMTB,General,LEADSOURCES
DVMTB,General,OPERATIONS
DVMTB,General,QUOTETMPLATES
DVMTB,General,SOCIAL
DVMTB,General,STAGES
DVMTB,Opportunity,Opportunity.Q.AllOpportunities
DVMTB,Opportunity,Opportunity.OpenByStage
DVMTB,PackageType,PACKAGETYPES
DVMTB,PaymentTerm,PAYMENTTERMS
DVMTB,Customer,COMMITMENT
DVMTB,Customer,ACCOUNTING_2
DVMTB,Customer,POTENTIAL
DVMTB,Customer,DOCSIN
DVMTB,Customer,DOCSOUT
DVMTB,Customer,MYCUSTOMRERSASACCMNGR
DVMTB,Industry,ALLINDUSTRIES
DVMTB,Industry,Module
DVMTB,General,CRM
DVMTB,Report,STATISTICSBYAIRLINE
DVMTB,Report,STATISTICSBYSHIPPINGLINES
DVMTB,Report,PROFITBYSHIPMENTSTATISTICS
DVMTB,Report,STATISTICSBYCUSTOMER
DVMTB,Report,STATEMENT
DVMTB,Report,INVOICEBYPARTNER
DVMTB,Report,QUOTESSTATISTICS
DVMTB,Report,ARINVOICEINCLUDEVAT
DVMTB,Report,AGEDACCOUNTSRECIEVABLES
DVMTB,Report,ALLREPORTS
DVMTB,Port,PORTS
DVMTB,General,GETTINGSTARTED
DVMTB,Quote,ACCEPTEDWITHOUTSHIPMENTS
DVMTB,Quote,QUTALLFOLLOWUPS
DVMTB,Quote,QUTMYFOLLOWUPS
DVMTB,Quote,MYQUOTES
DVMTB,Quote,DRAFTQUOTES
DVMTB,Quote,SENTQUOTES
DVMTB,Quote,ACCEPTEDQUOTES
DVMTB,Report,Module
DVMTB,Competitor,Module
DVMTB,Competitor,ALLCOMPETITORS
DVMTB,Master,ALLMASTERS
DVMTB,Customer,SHAREDLOGISTICSCUSTOMERS
DVMTB,CommunicationLog,ALLCOMMLOGS
DVMTB,Contact,CONTACTS
DVMTB,Country,COUNTRIES
DVMTB,ARPayment,DOCSOUT
DVMTB,ARPayment,DOCSIN
DVMTB,ARInvoice,DOCSOUT
DVMTB,ARInvoice,DOCSIN
DVMTB,APPayment,DOCSOUT
DVMTB,APPayment,DOCSIN
DVMTB,APInvoice,DOCSOUT
DVMTB,Department,DEPARTMENTS
DVMTB,EventType,EVENTTYPES
DVMTB,User,PERMISSIONS
DVMTB,General,DOCUMENTTYPES
DVMTB,Shipment,DOCSOUT
DVMTB,Shipment,DOCSIN
DVMTB,Quote,DOCSOUT
DVMTB,Quote,DOCSIN
DVMTB,Master,DOCSIN
DVMTB,Master,DOCSOUT
DVMTB,General,ERRORLOG
DVMTB,CreditCardType,Module
DVMTB,CreditCardType,ALLCREDITCARDS
DVMTB,GlobalZone,GLOBALZONES
DVMTB,General,CHAMP
DVMTB,General,ACCOUNTINGTRANSFER
DVMTB,APInvoice,ALLINVOICES
DVMTB,APInvoice,WAITAPPROVAL
DVMTB,APInvoice,UNPAIDINVOICES
DVMTB,APPayment,ALLPAYMENTS
DVMTB,General,REPORTS
DVMTB,General,SHAREDLOGISTICSMENU
DVMTB,ARInvoice,MARKEDASBLOCKEDFORTRANSFER
DVMTB,Agent,AGENTS
DVMTB,Agent,SHAREDLOGISTICSAGENTS
DVMTB,Airline,AIRLINES
DVMTB,Branch,BRANCHES
DVMTB,ChargesType,CHARGESTYPES
DVMTB,APPayment,OPENPAYMENTS
DVMTB,APPayment,DRAFTPAYMENTS
DVMTB,ARInvoice,ALLINVOICES
DVMTB,ARInvoice,UNPAIDINVOICES
DVMTB,ARInvoice,DRAFTINVOICES
DVMTB,ARInvoice,NOTREADYINVOICES
DVMTB,ARPayment,ALLPAYMENTS
DVMTB,ARPayment,OPENPAYMENTS
DVMTB,ARPayment,DRAFTPAYMENTS
DVMTB,General,MOVETYPES
DVMTB,Customer,AWBSTOCK
DVMTB,Customer,ACCOUNTINGTRANSFERE
DVMTB,Report,OPENFORMATREPORT
DVMTB,Report,IATASTATISTICS
DVMTB,Report,ACCOUNTINGLEDGER
DVMTB,Report,APINVOICEINCLUDEVAT
DVMTB,Report,OCEANSHIPMENTREPORT
DVMTB,Report,STATEMENTBYINVOICEDATE
DVMTB,Report,STAGECHANGINGREPORT
DVMTB,Commodity,Commodity.Q.AllQuery
DVMTB,Contact,UPCOMINGBIRTHDAYSCONTACTS
DVMTB,Contact,NOREMINDERSCONTACTS
DVMTB,Customer,ADDRESSES
DVMTB,Customer,CONTACTS
DVMTB,Customer,EVENTS
DVMTB,APPayment,Module
DVMTB,ARInvoice,Module
DVMTB,Quote,Module
DVMTB,Shipment,Module
DVMTB,ARPayment,Module
DVMTB,Master,Module
DVMTB,Customer,BILLING
DVMTB,Customer,OVERVIEW
DVMTB,Commodity,Module
DVMTB,General,General.Features.LocalSettings
DVMTB,CountryCity,UPDATE
DVMTB,CountryCity,GENERAL
DVMTB,CountryCity,EVENTS
DVMTB,CountryCity,CITIES
DVMTB,Opportunity,TenantManagement
DVMTB,Opportunity,Totango
DVMTB,CountryCity,NEW
DVMTB,General,CountryCity.M.Cities
DVMTB,Measurement,Measurement.M.Measurements
DVMTB,QuoteStage,Module
DVMTB,General,General.Features.Signature
DVMTB,QuoteStage,READ
DVMTB,QuoteStage,UPDATE
DVMTB,QuoteStage,QuoteStage.Tab.General
DVMTB,QuoteStage,QuoteStage.Q.AllQuery
DVMTB,Report,EXPECTEDINCOMEREPORT
DVMTB,User,PRODUCTS
DVMTB,Measurement,Module
DVMTB,Measurement,READ
DVMTB,Measurement,UPDATE
DVMTB,General,General.Features.SystemCurrencies
DVMTB,Measurement,Measurement.Tab.General
DVMTB,Measurement,Measurement.Tab.Events
DVMTB,Measurement,Measurement.Q.AllQuery
DVMTB,Customer,QUICKSEARCHALL
DVMTB,AWBMessagingStock,AWBMessagingStock.Tab.General
DVMTB,Customer,SETASPOTENTIAL
DVMTB,Quote,ROUTINGS
DVMTB,Quote,CHARGES
DVMTB,Quote,PARTNERS
DVMTB,Quote,PACKAGES
DVMTB,General,General.Features.SystemDefaults
DVMTB,Quote,OVERVIEW
DVMTB,Quote,DETAILS
DVMTB,Quote,Quote.Followups
DVMTB,Shipment,Shipment.Followups
DVMTB,Measurement,NEW
DVMTB,QuoteStage,NEW
DVMTB,QuoteStage,QuoteStage.M.QuoteStages
DVMTB,Commodity,Commodity.M.Commodities
DVMTB,General,COUNTERS
DVMTB,General,General.Features.ChangePassword
DVMTB,General,General.Features.CompanyAddress
DVMTB,General,General.Features.CompanyLogo
DVMTB,General,General.Features.InvoiceSettings
DVMTB,CountryCity,Module
DVMTB,CountryCity,READ
DVMTB,APInvoice,DOCSIN
DVMTB,Shipment,ALLMASTERS
DVMTB,Shipment,AIRLINESUPDATES
DVMTB,AccountingTransferHeader,Module
DVMTB,General,CREDITCARDTYPES
DVMTB,Currency,CURRENCIES
DVMTB,CustomAgent,CUSTOMAGENT
DVMTB,General,MAINTENANCE
DVMTB,General,MASTERS
DVMTB,General,PACKAGETYPES
DVMTB,General,PAYMENTTERMS
DVMTB,APPayment,NEW
DVMTB,APInvoice,NEW
DVMTB,Activity,NEW
DVMTB,AccountingTransferHeader,NEW
DVMTB,Quote,OPENQUOTES
DVMTB,General,SOCIALGENERAL
DVMTB,General,DEPARTMENTS
DVMTB,General,EVENTTYPES
DVMTB,General,QUOTES
DVMTB,General,CONTACTS
DVMTB,CustomerSize,UPDATE
DVMTB,Customer,TOTANGO
DVMTB,Customer,TENANTMANAGEMENT
DVMTB,Customer,Customer.Feature.ActiveCustomers
DVMTB,Customer,Customer.Feature.PotentialCustomers
DVMTB,Customer,Customer.Feature.InactiveCustomers
DVMTB,CustomerSize,ALLCUSTOMERSIZES
DVMTB,LogitudeLead,Module
DVMTB,LogitudeLead,READ
DVMTB,LogitudeLead,UPDATE
DVMTB,Opportunity,Opportunity.Q.CancelledOpportunities
DVMTB,Shipment,CUSTOMSFILE
DVMTB,AWBMessagingStock,Module
DVMTB,AWBMessagingStock,READ
DVMTB,AWBMessagingStock,UPDATE
DVMTB,AWBMessagingStock,AWBMessagingStock.Action.Cancel
DVMTB,AWBMessagingStock,AWBMessagingStock.Q.AllQuery
DVMTB,CustomerSize,Module
DVMTB,CustomerSize,READ
DVMTB,General,APINVOICES
DVMTB,General,AIRLINES
DVMTB,General,AGENTS
DVMTB,User,ROLES
DVMTB,Vessel,Module
DVMTB,VatType,Module
DVMTB,Vendor,Module
DVMTB,Shipment,AIREXPORTONLY
DVMTB,Shipment,ALLTRANSPORTMODES
DVMTB,Shipment,SENDAWB
DVMTB,Shipment,RECEIVABLES
DVMTB,Shipment,PAYABLES
DVMTB,Shipment,SENDREQUEST
DVMTB,Shipment,ACCOUNTINGCLOSE
DVMTB,Shipment,CANCEL
DVMTB,Port,Module
DVMTB,RatesTable,Module
DVMTB,ShippingLine,Module
DVMTB,ShippingAgent,Module
DVMTB,PaymentTerm,Module
DVMTB,PackageType,Module
DVMTB,General,ARINVOICES
DVMTB,Master,ACCOUNTINGCLOSE
DVMTB,CustomAgent,Module
DVMTB,Currency,Module
DVMTB,Country,Module
DVMTB,Contact,Module
DVMTB,ChargesType,Module
DVMTB,Trucker,Module
DVMTB,State,Module
DVMTB,APInvoice,Module
DVMTB,General,WAREHOUSES
DVMTB,General,GLOBALZONES
DVMTB,General,INCOTERMS
DVMTB,GlobalZone,Module
DVMTB,EventType,Module
DVMTB,Department,Module
DVMTB,Customer,Module
DVMTB,General,SHIPPINGLINES
DVMTB,BusinessUnit,NEW
DVMTB,BusinessUnit,READ
DVMTB,BusinessUnit,UPDATE
DVMTB,Customer,Customer.Feature.ReadyCustomers
DVMTB,Agent,READ
DVMTB,CommunicationLog,MESSAGEBODY
DVMTB,AdditionalService,Module
DVMTB,AdditionalService,ALLADDITIONALSERVICES
DVMTB,QuoteTemplate,Module
DVMTB,QuoteTemplateSection,Module
DVMTB,General,STATES
DVMTB,QuoteTemplateSetting,Module
DVMTB,QuoteTemplate,QUOTETEMPLATES
DVMTB,Stage,ALLSTAGES
DVMTB,Master,CONSOLIDATION
DVMTB,Warehouse,WAREHOUSES
DVMTB,Vessel,VESSELS
DVMTB,Vendor,VENDORS
DVMTB,VatType,VATTYPES
DVMTB,Trucker,TRUCKERS
DVMTB,State,STATES
DVMTB,General,TRUCKERS
DVMTB,ShippingLine,SHIPPINGLINE
DVMTB,ShippingAgent,SHIPPINGAGENT
DVMTB,RatesTable,RATESTABLE
DVMTB,DocumentType,DOCUMENTTYPES
DVMTB,TenantManagement,ALLTENANTMGS
DVMTB,AnalyzeQueue,ALLANALYZEQUS
DVMTB,Account,ALLACCOUNTS
DVMTB,General,USERS
DVMTB,DocumentType,Module
DVMTB,General,DASHBOARD
DVMTB,General,CUSTOMERS
DVMTB,General,CUSTOMAGENTS
DVMTB,General,CURRENCIES
DVMTB,General,COUNTRIES
DVMTB,General,CHARGESTYPES
DVMTB,General,BRANCHES
DVMTB,General,RATESTABLES
DVMTB,General,VATTYPES
DVMTB,General,PORTS
DVMTB,AccountingTransferHeader,READ
DVMTB,Activity,READ
DVMTB,APInvoice,READ
DVMTB,APPayment,READ
DVMTB,APPayment,UPDATE
DVMTB,APInvoice,UPDATE
DVMTB,Activity,UPDATE
DVMTB,AccountingTransferHeader,UPDATE
DVMTB,Region,READ
DVMTB,Region,UPDATE
DVMTB,Region,Module
DVMTB,Region,ALLREGIONS
DVMTB,General,REGIONS
DVMTB,Customer,BYLASTSHIPMETN
DVMTB,Customer,CUSTOMERS
DVMTB,Quote,NEW
DVMTB,Quote,UPDATE
DVMTB,Quote,READ
DVMTB,ARInvoice,NEW
DVMTB,ARInvoice,UPDATE
DVMTB,ARInvoice,READ
DVMTB,ARPayment,NEW
DVMTB,ARPayment,UPDATE
DVMTB,General,DOCSIN
DVMTB,ARPayment,READ
DVMTB,ShippingAgent,NEW
DVMTB,ShippingAgent,UPDATE
DVMTB,ShippingAgent,READ
DVMTB,CommunicationLog,READ
DVMTB,TenantManagement,READ
DVMTB,TenantManagement,UPDATE
DVMTB,Vendor,READ
DVMTB,AnalyzeQueue,READ
DVMTB,CreditCardType,NEW
DVMTB,General,EVENTS
DVMTB,CreditCardType,UPDATE
DVMTB,CreditCardType,READ
DVMTB,ErrorLog,READ
DVMTB,MoveType,NEW
DVMTB,MoveType,UPDATE
DVMTB,MoveType,READ
DVMTB,Report,READ
DVMTB,Report,NEW
DVMTB,Report,UPDATE
DVMTB,Opportunity,NEW
DVMTB,Opportunity,READ
DVMTB,Opportunity,UPDATE
DVMTB,Competitor,NEW
DVMTB,Competitor,READ
DVMTB,Competitor,UPDATE
DVMTB,Stage,NEW
DVMTB,Stage,READ
DVMTB,Stage,UPDATE
DVMTB,LeadSource,NEW
DVMTB,LeadSource,READ
DVMTB,General,SHIPMENTS
DVMTB,LeadSource,UPDATE
DVMTB,Industry,NEW
DVMTB,Industry,READ
DVMTB,Industry,UPDATE
DVMTB,Commodity,NEW
DVMTB,Commodity,READ
DVMTB,Commodity,UPDATE
DVMTB,General,SHIPPINGAGENTS
DVMTB,AdditionalService,NEW
DVMTB,AdditionalService,READ
DVMTB,AdditionalService,UPDATE
DVMTB,OpportunityStage,NEW
DVMTB,OpportunityStage,READ
DVMTB,OpportunityStage,UPDATE
DVMTB,ExternalSystemsTablesCode,READ
DVMTB,ExternalSystemsTablesCode,UPDATE
DVMTB,ProductType,NEW
DVMTB,ProductType,UPDATE
DVMTB,Master,ACCOUNTINGREOPEN
DVMTB,General,VENDORS
DVMTB,Incoterm,Module
DVMTB,User,Module
DVMTB,General,VESSELS
DVMTB,ShippingLine,READ
DVMTB,Trucker,NEW
DVMTB,Trucker,UPDATE
DVMTB,Trucker,READ
DVMTB,Incoterm,NEW
DVMTB,Incoterm,UPDATE
DVMTB,Branch,Module
DVMTB,Incoterm,READ
DVMTB,PaymentTerm,NEW
DVMTB,PaymentTerm,UPDATE
DVMTB,PaymentTerm,READ
DVMTB,Currency,NEW
DVMTB,Currency,UPDATE
DVMTB,Currency,READ
DVMTB,VatType,NEW
DVMTB,VatType,UPDATE
DVMTB,VatType,READ
DVMTB,CommunicationLog,Module
DVMTB,ChargesType,NEW
DVMTB,ChargesType,UPDATE
DVMTB,ChargesType,READ
DVMTB,Port,NEW
DVMTB,Port,UPDATE
DVMTB,Port,READ
DVMTB,Country,NEW
DVMTB,Country,UPDATE
DVMTB,Country,READ
DVMTB,GlobalZone,NEW
DVMTB,General,CUSTOMIZATION
DVMTB,GlobalZone,UPDATE
DVMTB,GlobalZone,READ
DVMTB,Branch,NEW
DVMTB,Branch,UPDATE
DVMTB,Branch,READ
DVMTB,Department,NEW
DVMTB,Department,UPDATE
DVMTB,Department,READ
DVMTB,Contact,NEW
DVMTB,Contact,UPDATE
DVMTB,General,PERSONALSETTINGS
DVMTB,Contact,READ
DVMTB,User,NEW
DVMTB,User,UPDATE
DVMTB,User,READ
DVMTB,State,NEW
DVMTB,State,UPDATE
DVMTB,State,READ
DVMTB,DocumentType,NEW
DVMTB,DocumentType,UPDATE
DVMTB,DocumentType,READ
DVMTB,General,SYSTEMSETTINGS
DVMTB,EventType,NEW
DVMTB,EventType,UPDATE
DVMTB,EventType,READ
DVMTB,PackageType,NEW
DVMTB,PackageType,UPDATE
DVMTB,PackageType,READ
DVMTB,Vessel,NEW
DVMTB,Vessel,UPDATE
DVMTB,Vessel,READ
DVMTB,Warehouse,NEW
DVMTB,General,BUILDQUERIES
DVMTB,Warehouse,UPDATE
DVMTB,Warehouse,READ
DVMTB,General,EMAILALERTSETTINGS
DVMTB,General,SPECIALSERVICESTYPES
DVMTB,SpecialServicesType,READ
DVMTB,SpecialServicesType,Module
DVMTB,SpecialServicesType,UPDATE
DVMTB,Master,RECEIVABLES
DVMTB,SpecialServicesType,NEW
DVMTB,SpecialServicesType,ALLSPECIALSERVICES
DVMTB,Customer,ACTIVATE
DVMTB,Customer,READYACTIVATION
DVMTB,Activity,Activity.Q.CancelledActivities
DVMTB,Activity,Activity.Q.MeetingsSummary
DVMTB,ProductType,Module
DVMTB,MoveType,ALLMOVETYPES
DVMTB,ProductType,ALLPRODUCTTYPES
DVMTB,CommunicationLog,ERROR
DVMTB,Master,SENDAWB
DVMTB,AnalyzeQueue,ANALYZEQUEUEERRORS
DVMTB,General,SHIPPERSANDCONSIGNEES
DVMTB,ProductType,READ
DVMTB,ExternalSystemsTablesCode,EXTERNALSYSTEMSTABLESCODES
DVMTB,QuoteTemplateTextCode,Module
DVMTB,QuoteTemplateTableDesign,Module
DVMTB,QuoteTemplateTextDesign,Module
DVMTB,General,PRODUCTTYPES
DVMTB,Customer,CUSTOMERSALESMANBYPRODUCT
DVMTB,Customer,CUSTOMERACCOUNTMANAGERBYPRODUCT
DVMTB,Master,AIREXPORTONLY
DVMTB,Customer,CUSTOMERFORWARDERBYPRODUCT
DVMTB,Customer,CUSTOMERMEDIATORBYPRODUCT
DVMTB,Customer,CUSTOMERCUSTOMSAGENTBYPRODUCT
DVMTB,Contact,ACTIVEPRODUCTTYPES
DVMTB,BusinessUnit,Module
DVMTB,BusinessUnit,BusinessUnit.Q.AllQuery
DVMTB,BusinessUnit,BusinessUnit.M.BusinessUnits
DVMTB,Customer,SALES
DVMTB,Customer,STATISTICS
DVMTB,PaymentTerm,ACCOUNTING
DVMTB,Master,ALLTRANSPORTMODES
DVMTB,Shipment,IMPORTSHIPMETNS
DVMTB,General,General.Features.CustomerActivation
DVMTB,Shipment,UPDATE
DVMTB,Shipment,NEW
DVMTB,Shipment,READ
DVMTB,Master,UPDATE
DVMTB,Master,NEW
DVMTB,Master,READ
DVMTB,Customer,NEW
DVMTB,Agent,Module
DVMTB,Customer,UPDATE
DVMTB,Customer,READ
DVMTB,Agent,NEW
DVMTB,Agent,UPDATE
DVMTB,Vendor,NEW
DVMTB,Vendor,UPDATE
DVMTB,CustomAgent,NEW
DVMTB,CustomAgent,UPDATE
DVMTB,CustomAgent,READ
DVMTB,Airline,NEW
DVMTB,Airline,Module
DVMTB,Airline,UPDATE
DVMTB,Airline,READ
DVMTB,ShippingLine,NEW
DVMTB,ShippingLine,UPDATE
DVMTB,Customs.CustomsSetting,CUSTOMSETTING
DVMTB,Customs.PaymentOrder,COMMUNICATIONS
DVMTB,Customs.PaymentOrder,DEFICIT
DVMTB,Customs.PaymentOrder,DEPOSIT
DVMTB,Customs.PaymentOrder,EVENTS
DVMTB,Customs.PaymentOrder,GENERAL
DVMTB,Shipment,ALLFOLLOWUPS
DVMTB,Shipment,OPENPAYABLESMASTERS
DVMTB,Shipment,EXPECTEDDEPATURE
DVMTB,Shipment,SHIPMENTS
DVMTB,Shipment,MASTERS
DVMTB,Shipment,OPENRECEIVABLESSHIPMENTS
DVMTB,Shipment,MYFOLLOWUPS
DVMTB,Shipment,ALLSHIPMENTS
DVMTB,Shipment,CANCELLEDSHIPMENTS
DVMTB,Quote,CANCELLEDQUOTES
DVMTB,Quote,ALLQUOTES
DVMTB,Quote,EXPIREDQUOTES
DVMTB,Master,SENDRESPONSE
DVMTB,Master,COMMUNICATIONS
DVMTB,Quote,COMMUNICATION
DVMTB,Shipment,COMMUNICATIONS
DVMTB,Shipment,SENDRESPONSE
DVMTB,General,CANCELINVOICE
DVMTB,General,HOWTOACCOUNTINGSETTINGS
DVMTB,LogitudeLead,GENERAL
DVMTB,LogitudeLead,LogitudeLead.Q.AllLogitudeLeads
DVMTB,OpportunityClosingReason,Module
DVMTB,OpportunityClosingReason,READ
DVMTB,OpportunityClosingReason,UPDATE
DVMTB,OpportunityClosingReason,ALLCLOSINGREASONS
DVMTB,Questionnaire,Module
DVMTB,Questionnaire,READ
DVMTB,Questionnaire,UPDATE
DVMTB,Questionnaire,Questionnaire.Q.AllQuestionnaires
DVMTB,AWBMessagingStock,NEW
DVMTB,CustomerSize,NEW
DVMTB,LogitudeLead,NEW
DVMTB,OpportunityClosingReason,NEW
DVMTB,Questionnaire,NEW
DVMTB,Region,NEW
DVMTB,Report,MONTHLYCONVERSION
DVMTB,AWBMessagingStock,AWBMessagingStock.M.AWBMessagingStocks
DVMTB,General,CLOSINGREASONS
DVMTB,General,CUSTOMERSIZES
DVMTB,General,CUSTOMS
DVMTB,General,General.Features.TenantManagement
DVMTB,QuestionnaireAnswer,NEW
DVMTB,QuestionnaireAnswer,UPDATE
DVMTB,QuestionnaireAnswer,READ
DVMTB,QuestionnaireQuestion,NEW
DVMTB,QuestionnaireQuestion,UPDATE
DVMTB,QuestionnaireQuestion,READ
DVMTB,General,LOGITUDELEADS
DVMTB,General,QUESTIONNAIRE
DVMTB,General,QUESTIONNAIREGENERAL
DVMTB,Warehouse,Module
DVMTB,General,SHAREDLOGISTICS
DVMTB,Master,PAYABLES
DVMTB,ErrorLog,Module
DVMTB,ErrorLog,ALLERRORLOG
DVMTB,MoveType,Module
DVMTB,OpportunityStage,Module
DVMTB,AnalyzeQueue,Module
DVMTB,General,General.Features.Customization
DVMTB,Customs.Client,SAVENEWDIRECT
DVMTB,General,General.Features.SupportManagement
DVMTB,General,General.Features.CustomFieldsEdit
DVMTB,General,BLUESNAPS
DVMTB,Customs.PaymentOrder,Module
DVMTB,Customs.PhysicalCheck,Module
DVMTB,Customs.CustomsVendor,READ
DVMTB,Customs.CustomsVendor,NEW
DVMTB,Customs.CustomsVendor,UPDATE
DVMTB,Customs.Client,READ
DVMTB,Customs.Client,UPDATE
DVMTB,Customs.SupplierInvoice,READ
DVMTB,Customs.SupplierInvoice,NEW
DVMTB,Customs.SupplierInvoice,UPDATE
DVMTB,Customs.InvoiceType,READ
DVMTB,Customs.CurrencyType,READ
DVMTB,Customs.TermsOfSaleType,READ
DVMTB,Customs.DangerousGoodsPackingReq,READ
DVMTB,Customs.ItemGovernmentProcedureType,READ
DVMTB,Customs.CustomsBookType,READ
DVMTB,Customs.PaymentType,READ
DVMTB,Customs.SalesTaxExemptionType,READ
DVMTB,Customs.Client,NEW
DVMTB,Customs.CustomBank,READ
DVMTB,Customs.CustomBank,NEW
DVMTB,Customs.CustomBank,UPDATE
DVMTB,Customs.CustomsDocumentMetaDataValue,READ
DVMTB,Customs.CustomsDocumentMetaDataValue,NEW
DVMTB,Customs.CustomsDocumentMetaDataValue,UPDATE
DVMTB,Customs.CustomDocumentTypeMetaData,READ
DVMTB,Customs.CustomDocumentTypeMetaData,NEW
DVMTB,Customs.CustomDocumentTypeMetaData,UPDATE
DVMTB,Customs.CustomsDocument,READ
DVMTB,Customs.CustomsDocument,NEW
DVMTB,Customs.CustomsDocument,UPDATE
DVMTB,Customs.CustomsDocumentPointer,READ
DVMTB,Customs.CustomsDocumentPointer,NEW
DVMTB,Customs.CustomsDocumentPointer,UPDATE
DVMTB,Customs.DeclarationConstraint,READ
DVMTB,Customs.DeclarationConstraint,NEW
DVMTB,Customs.DeclarationConstraint,UPDATE
DVMTB,Customs.ConstraintType,READ
DVMTB,Customs.ConstraintStatus,READ
DVMTB,Customs.CustomsPaymentTerm,READ
DVMTB,Customs.CustomsCollateral,READ
DVMTB,Customs.CustomsCollateral,NEW
DVMTB,Customs.CustomsCollateral,UPDATE
DVMTB,Customs.CustomsHouseType,READ
DVMTB,Customs.CustomsRequiredField,READ
DVMTB,Customs.CustomsRequiredField,NEW
DVMTB,Customs.CustomsRequiredField,UPDATE
DVMTB,Customs.InterfaceManagement,READ
DVMTB,Customs.InterfaceManagement,UPDATE
DVMTB,Customs.NotificationDefinition,READ
DVMTB,Customs.NotificationDefinition,UPDATE
DVMTB,Customs.CustomBank,Module
DVMTB,Customs.CustomBank,CUSTOMBANKS
DVMTB,General,CUSTOMSETTING
DVMTB,Customs.CustomsSetting,Module
DVMTB,Customs.CustomsSetting,READ
DVMTB,Customs.CustomsSetting,UPDATE
DVMTB,Customs.CustomsSetting,GENERAL
DVMTB,Customs.CustomsSetting,EVENTS
EAWBB,General,REPORTS
EAWBB,General,PERSONALSETTINGS
EAWBB,General,General.Features.CompanyAddress
EAWBB,General,General.Features.CompanyLogo
EAWBB,General,General.Features.LocalSettings
EAWBB,General,General.Features.Signature
EAWBB,General,General.Features.SystemCurrencies
EAWBB,General,General.Features.SystemDefaults
EAWBB,General,CHAMP
EAWBB,General,DOCSIN
EAWBB,Master,DOCSOUT
EAWBB,Shipment,DOCSOUT
EAWBB,Shipment,CANCEL
EAWBB,Commodity,Commodity.M.Commodities
EAWBB,General,COUNTERS
EAWBB,General,General.Features.ChangePassword
EAWBB,Shipment,AIRLINESUPDATES
EAWBB,Shipment,ALLMASTERS
EAWBB,Commodity,Module
EAWBB,Master,CONSOLIDATION
EAWBB,Shipment,IMPORTSHIPMETNS
EAWBB,CountryCity,Module
EAWBB,CountryCity,READ
EAWBB,CountryCity,UPDATE
EAWBB,CountryCity,GENERAL
EAWBB,CountryCity,EVENTS
EAWBB,CountryCity,CITIES
EAWBB,Shipment,CANCELLEDSHIPMENTS
EAWBB,Customer,AWBSTOCK
EAWBB,CountryCity,NEW
EAWBB,Measurement,Module
EAWBB,Measurement,READ
EAWBB,Customer,GENERAL
EAWBB,Customer,OVERVIEW
EAWBB,General,USERS
EAWBB,General,PORTS
EAWBB,General,SHIPMENTS
EAWBB,General,COUNTRIES
EAWBB,General,INCOTERMS
EAWBB,General,CURRENCIES
EAWBB,Shipment,Module
EAWBB,Country,Module
EAWBB,Branch,Module
EAWBB,Incoterm,Module
EAWBB,General,CUSTOMERS
EAWBB,Port,Module
EAWBB,General,AIRLINES
EAWBB,Shipment,PAYABLES
EAWBB,Shipment,RECEIVABLES
EAWBB,Shipment,DOCSIN
EAWBB,Shipment,ALLTRANSPORTMODES
EAWBB,Shipment,CONSOLIDATION
EAWBB,Shipment,SENTFSR
EAWBB,Branch,BRANCHES
EAWBB,ChargesType,CHARGESTYPES
EAWBB,Commodity,Commodity.Q.AllQuery
EAWBB,Contact,CONTACTS
EAWBB,Country,COUNTRIES
EAWBB,Currency,CURRENCIES
EAWBB,Customer,CUSTOMERS
EAWBB,Department,DEPARTMENTS
EAWBB,Department,Module
EAWBB,Master,AIREXPORTONLY
EAWBB,Shipment,AIREXPORTONLY
EAWBB,Shipment,SENDREQUEST
EAWBB,General,CHARGESTYPES
EAWBB,ChargesType,Module
EAWBB,General,RATESTABLES
EAWBB,Contact,Module
EAWBB,Master,SENDAWB
EAWBB,General,DEPARTMENTS
EAWBB,General,STATES
EAWBB,General,MASTERS
EAWBB,General,BRANCHES
EAWBB,User,Module
EAWBB,Currency,Module
EAWBB,General,MAINTENANCE
EAWBB,Airline,Module
EAWBB,State,Module
EAWBB,Customer,Customer.Feature.InactiveCustomers
EAWBB,CustomerSize,ALLCUSTOMERSIZES
EAWBB,General,CUSTOMERSIZES
EAWBB,Customer,Module
EAWBB,Master,Module
EAWBB,Shipment,SENDAWB
EAWBB,Agent,Module
EAWBB,General,AGENTS
EAWBB,Shipment,COMMUNICATIONS
EAWBB,Shipment,SENDRESPONSE
EAWBB,Quote,COMMUNICATION
EAWBB,Master,COMMUNICATIONS
EAWBB,Shipment,EXPECTEDDEPATURE
EAWBB,Shipment,ALLSHIPMENTS
EAWBB,QuestionnaireQuestion,NEW
EAWBB,QuestionnaireQuestion,UPDATE
EAWBB,QuestionnaireQuestion,READ
EAWBB,Shipment,UPDATE
EAWBB,Shipment,NEW
EAWBB,Shipment,READ
EAWBB,Master,UPDATE
EAWBB,Master,NEW
EAWBB,Master,READ
EAWBB,Customer,NEW
EAWBB,QuestionnaireAnswer,NEW
EAWBB,QuestionnaireAnswer,UPDATE
EAWBB,QuestionnaireAnswer,READ
EAWBB,DocumentType,UPDATE
EAWBB,DocumentType,READ
EAWBB,Report,Module
EAWBB,Report,ALLREPORTS
EAWBB,Report,IATASTATISTICS
EAWBB,General,OPERATIONS
EAWBB,Competitor,ALLCOMPETITORS
EAWBB,User,PERMISSIONS
EAWBB,General,SYSTEMSETTINGS
EAWBB,General,DOCUMENTTYPES
EAWBB,General,CONTACTS
EAWBB,CustomerSize,NEW
EAWBB,CustomerSize,READ
EAWBB,CustomerSize,UPDATE
EAWBB,ExternalSystemsTablesCode,READ
EAWBB,ExternalSystemsTablesCode,UPDATE
EAWBB,Commodity,NEW
EAWBB,Commodity,READ
EAWBB,Commodity,UPDATE
EAWBB,AccountingTransferHeader,UPDATE
EAWBB,Report,READ
EAWBB,Report,NEW
EAWBB,Report,UPDATE
EAWBB,TenantManagement,READ
EAWBB,TenantManagement,UPDATE
EAWBB,Incoterm,NEW
EAWBB,Incoterm,UPDATE
EAWBB,Incoterm,READ
EAWBB,Currency,NEW
EAWBB,Currency,UPDATE
EAWBB,Currency,READ
EAWBB,Contact,NEW
EAWBB,Contact,UPDATE
EAWBB,Contact,READ
EAWBB,User,NEW
EAWBB,User,UPDATE
EAWBB,User,READ
EAWBB,State,NEW
EAWBB,State,UPDATE
EAWBB,State,READ
EAWBB,DocumentType,NEW
EAWBB,Airline,NEW
EAWBB,Airline,UPDATE
EAWBB,Airline,READ
EAWBB,Customer,UPDATE
EAWBB,Customer,READ
EAWBB,Agent,NEW
EAWBB,Agent,UPDATE
EAWBB,Agent,READ
EAWBB,ChargesType,NEW
EAWBB,ChargesType,UPDATE
EAWBB,ChargesType,READ
EAWBB,Port,NEW
EAWBB,Port,UPDATE
EAWBB,Port,READ
EAWBB,Country,NEW
EAWBB,Country,UPDATE
EAWBB,Country,READ
EAWBB,Branch,NEW
EAWBB,Branch,UPDATE
EAWBB,Branch,READ
EAWBB,Department,NEW
EAWBB,Department,UPDATE
EAWBB,Department,READ
EAWBB,DocumentType,Module
EAWBB,Master,OPERATIONALOPEN
EAWBB,Master,ACCOUNTINGOPEN
EAWBB,Master,ALLMASTERS
EAWBB,DocumentType,DOCUMENTTYPES
EAWBB,Incoterm,INCOTERMS
EAWBB,Port,PORTS
EAWBB,State,STATES
EAWBB,General,SHIPPERSANDCONSIGNEES
EAWBB,Agent,AGENTS
EAWBB,Airline,AIRLINES
ECONB,CustomerSize,READ
ECONB,CustomerSize,UPDATE
ECONB,AWBMessagingStock,NEW
ECONB,AWBMessagingStock,READ
ECONB,AWBMessagingStock,UPDATE
ECONB,OpportunityClosingReason,NEW
ECONB,OpportunityClosingReason,READ
ECONB,OpportunityClosingReason,UPDATE
ECONB,QuestionnaireAnswer,NEW
ECONB,QuestionnaireAnswer,UPDATE
ECONB,QuestionnaireAnswer,READ
ECONB,Questionnaire,NEW
ECONB,Questionnaire,UPDATE
ECONB,Questionnaire,READ
ECONB,QuestionnaireQuestion,NEW
ECONB,QuestionnaireQuestion,UPDATE
ECONB,QuestionnaireQuestion,READ
ECONB,LogitudeLead,NEW
ECONB,LogitudeLead,UPDATE
ECONB,LogitudeLead,READ
ECONB,BusinessUnit,READ
ECONB,BusinessUnit,UPDATE
ECONB,SpecialServicesType,NEW
ECONB,SpecialServicesType,READ
ECONB,SpecialServicesType,UPDATE
ECONB,Region,NEW
ECONB,Region,READ
ECONB,Region,UPDATE
ECONB,CustomerSize,NEW
ECONB,ARInvoice,Module
ECONB,Master,Module
ECONB,Quote,Module
ECONB,Incoterm,Module
ECONB,PackageType,Module
ECONB,EventType,Module
ECONB,GlobalZone,Module
ECONB,Currency,Module
ECONB,CustomAgent,Module
ECONB,Customer,Module
ECONB,Department,Module
ECONB,ChargesType,Module
ECONB,CommunicationLog,Module
ECONB,Contact,Module
ECONB,Country,Module
ECONB,Shipment,Module
ECONB,Agent,Module
ECONB,Airline,Module
ECONB,Branch,Module
ECONB,Shipment,MASTERS
ECONB,Shipment,OPENPAYABLESMASTERS
ECONB,Shipment,OPENRECEIVABLESSHIPMENTS
ECONB,Warehouse,Module
ECONB,Agent,AGENTS
ECONB,Airline,AIRLINES
ECONB,Branch,BRANCHES
ECONB,ChargesType,CHARGESTYPES
ECONB,CommunicationLog,ALLCOMMLOGS
ECONB,Contact,CONTACTS
ECONB,Country,COUNTRIES
ECONB,Currency,CURRENCIES
ECONB,CustomAgent,CUSTOMAGENT
ECONB,Customer,BYLASTSHIPMETN
ECONB,Shipment,ALLSHIPMENTS
ECONB,Shipment,CANCELLEDSHIPMENTS
ECONB,Quote,CANCELLEDQUOTES
ECONB,Quote,ALLQUOTES
ECONB,Quote,EXPIREDQUOTES
ECONB,Master,OPERATIONALOPEN
ECONB,Master,ACCOUNTINGOPEN
ECONB,Master,ALLMASTERS
ECONB,VatType,Module
ECONB,User,Module
ECONB,Vessel,Module
ECONB,Vendor,Module
ECONB,PaymentTerm,Module
ECONB,Port,Module
ECONB,RatesTable,Module
ECONB,ShippingAgent,Module
ECONB,ShippingLine,Module
ECONB,State,Module
ECONB,Trucker,Module
ECONB,Master,CANCELLEDMASTERS
ECONB,Master,RECEIVABLES
ECONB,Master,CONSOLIDATION
ECONB,Master,COMMUNICATIONS
ECONB,Master,ALLTRANSPORTMODES
ECONB,Shipment,CONSOLIDATION
ECONB,ShippingAgent,SHIPPINGAGENT
ECONB,ShippingLine,SHIPPINGLINE
ECONB,State,STATES
ECONB,Trucker,TRUCKERS
ECONB,VatType,VATTYPES
ECONB,Vendor,VENDORS
ECONB,Vessel,VESSELS
ECONB,Warehouse,WAREHOUSES
ECONB,General,CREDITCARDTYPES
ECONB,Customer,CUSTOMERS
ECONB,Department,DEPARTMENTS
ECONB,EventType,EVENTTYPES
ECONB,GlobalZone,GLOBALZONES
ECONB,Incoterm,INCOTERMS
ECONB,PackageType,PACKAGETYPES
ECONB,PaymentTerm,PAYMENTTERMS
ECONB,Port,PORTS
ECONB,RatesTable,RATESTABLE
ECONB,General,DASHBOARD
ECONB,Shipment,COMMUNICATIONS
ECONB,ARInvoice,ALLINVOICES
ECONB,ARInvoice,DRAFTINVOICES
ECONB,ARInvoice,UNPAIDINVOICES
ECONB,General,PERSONALSETTINGS
ECONB,General,SYSTEMSETTINGS
ECONB,AdditionalService,Module
ECONB,General,COMPETITORS
ECONB,General,General.Features.ChangePassword
ECONB,General,GETTINGSTARTED
ECONB,General,PRODUCTTYPES
ECONB,General,VENDORS
ECONB,General,General.Features.CustomerActivation
ECONB,Customer,ACTIVATE
ECONB,General,OPERATIONS
ECONB,Competitor,ALLCOMPETITORS
ECONB,Report,ARINVOICEINCLUDEVAT
ECONB,Report,AGEDACCOUNTSRECIEVABLES
ECONB,Report,OPENFORMATREPORT
ECONB,Report,IATASTATISTICS
ECONB,Customer,EVENTS
ECONB,Customer,AWBSTOCK
ECONB,Customer,GENERAL
ECONB,Customer,ADDRESSES
ECONB,Customer,CONTACTS
ECONB,Competitor,Module
ECONB,General,COUNTERS
ECONB,General,General.Features.CompanyAddress
ECONB,General,General.Features.CompanyLogo
ECONB,General,General.Features.InvoiceSettings
ECONB,General,General.Features.LocalSettings
ECONB,General,General.Features.Signature
ECONB,General,General.Features.SystemCurrencies
ECONB,General,General.Features.SystemDefaults
ECONB,General,HOWTOACCOUNTINGSETTINGS
ECONB,Customer,OVERVIEW
ECONB,Commodity,Commodity.M.Commodities
ECONB,Shipment,ALLMASTERS
ECONB,Master,DOCSOUT
ECONB,Quote,DOCSOUT
ECONB,Shipment,DOCSOUT
ECONB,General,DOCSIN
ECONB,CreditCardType,Module
ECONB,Customer,BILLING
ECONB,Commodity,Module
ECONB,General,CUSTOMIZATION
ECONB,General,SHAREDLOGISTICS
ECONB,General,SHAREDLOGISTICSMENU
ECONB,General,REPORTS
ECONB,General,MOVETYPES
ECONB,Report,APINVOICEINCLUDEVAT
ECONB,Report,OCEANSHIPMENTREPORT
ECONB,Report,STATEMENTBYINVOICEDATE
ECONB,Report,STATISTICSBYSHIPPINGLINES
ECONB,Report,PROFITBYSHIPMENTSTATISTICS
ECONB,Report,STATISTICSBYCUSTOMER
ECONB,Report,STATEMENT
ECONB,Report,INVOICEBYPARTNER
ECONB,Report,QUOTESSTATISTICS
ECONB,General,INDUSTRIES
ECONB,General,LEADSOURCES
ECONB,Industry,Module
ECONB,LeadSource,Module
ECONB,Industry,ALLINDUSTRIES
ECONB,LeadSource,ALLLEADSOURCES
ECONB,Report,Module
ECONB,Report,ALLREPORTS
ECONB,Report,STATISTICSBYAIRLINE
ECONB,Report,ACCOUNTINGLEDGER
ECONB,Shipment,SHIPMENTS
ECONB,Vessel,NEW
ECONB,Vessel,UPDATE
ECONB,Vessel,READ
ECONB,Warehouse,NEW
ECONB,Warehouse,UPDATE
ECONB,Warehouse,READ
ECONB,Quote,NEW
ECONB,Quote,UPDATE
ECONB,Quote,READ
ECONB,ARInvoice,NEW
ECONB,CustomerSize,Module
ECONB,CustomerSize,ALLCUSTOMERSIZES
ECONB,General,CUSTOMERSIZES
ECONB,Quote,OPENQUOTES
ECONB,Shipment,ALLTRANSPORTMODES
ECONB,General,INCOTERMS
ECONB,General,VATTYPES
ECONB,Master,ACCOUNTINGCLOSE
ECONB,General,PAYMENTTERMS
ECONB,General,MASTERS
ECONB,General,MAINTENANCE
ECONB,General,SHIPPINGAGENTS
ECONB,General,PACKAGETYPES
ECONB,Shipment,CANCEL
ECONB,Master,ACCOUNTINGREOPEN
ECONB,Shipment,ACCOUNTINGCLOSE
ECONB,General,TRUCKERS
ECONB,General,STATES
ECONB,General,AGENTS
ECONB,Shipment,RECEIVABLES
ECONB,General,SHIPPINGLINES
ECONB,Shipment,PAYABLES
ECONB,Master,PAYABLES
ECONB,General,WAREHOUSES
ECONB,General,VESSELS
ECONB,General,SHIPMENTS
ECONB,General,RATESTABLES
ECONB,General,QUOTES
ECONB,General,CHARGESTYPES
ECONB,General,BRANCHES
ECONB,General,ARINVOICES
ECONB,General,PORTS
ECONB,General,CUSTOMAGENTS
ECONB,General,CURRENCIES
ECONB,General,COUNTRIES
ECONB,General,CONTACTS
ECONB,General,GLOBALZONES
ECONB,General,EVENTTYPES
ECONB,General,DOCUMENTTYPES
ECONB,General,AIRLINES
ECONB,General,DEPARTMENTS
ECONB,General,CUSTOMERS
ECONB,General,USERS
ECONB,AdditionalService,ALLADDITIONALSERVICES
ECONB,Account,ALLACCOUNTS
ECONB,Commodity,Commodity.Q.AllQuery
ECONB,MoveType,ALLMOVETYPES
ECONB,PaymentTerm,ACCOUNTING
ECONB,SpecialServicesType,ALLSPECIALSERVICES
ECONB,General,SHIPPERSANDCONSIGNEES
ECONB,General,SPECIALSERVICESTYPES
ECONB,MoveType,Module
ECONB,SpecialServicesType,Module
ECONB,General,ADDITIONALSERVICES
ECONB,LeadSource,NEW
ECONB,LeadSource,READ
ECONB,LeadSource,UPDATE
ECONB,Industry,NEW
ECONB,Industry,READ
ECONB,Industry,UPDATE
ECONB,Competitor,NEW
ECONB,Competitor,READ
ECONB,Competitor,UPDATE
ECONB,AdditionalService,NEW
ECONB,AdditionalService,READ
ECONB,AdditionalService,UPDATE
ECONB,ExternalSystemsTablesCode,READ
ECONB,ExternalSystemsTablesCode,UPDATE
ECONB,ProductType,NEW
ECONB,ProductType,READ
ECONB,ProductType,UPDATE
ECONB,BusinessUnit,NEW
ECONB,Opportunity,NEW
ECONB,Opportunity,READ
ECONB,Opportunity,UPDATE
ECONB,Stage,NEW
ECONB,Stage,READ
ECONB,Stage,UPDATE
ECONB,OpportunityStage,NEW
ECONB,OpportunityStage,READ
ECONB,OpportunityStage,UPDATE
ECONB,Report,UPDATE
ECONB,Commodity,NEW
ECONB,Commodity,READ
ECONB,Commodity,UPDATE
ECONB,Activity,NEW
ECONB,Activity,READ
ECONB,Activity,UPDATE
ECONB,APPayment,READ
ECONB,ShippingAgent,NEW
ECONB,ShippingAgent,UPDATE
ECONB,ShippingAgent,READ
ECONB,CommunicationLog,READ
ECONB,TenantManagement,READ
ECONB,TenantManagement,UPDATE
ECONB,AnalyzeQueue,READ
ECONB,CreditCardType,NEW
ECONB,CreditCardType,UPDATE
ECONB,CreditCardType,READ
ECONB,AccountingTransferHeader,NEW
ECONB,AccountingTransferHeader,UPDATE
ECONB,AccountingTransferHeader,READ
ECONB,MoveType,NEW
ECONB,MoveType,UPDATE
ECONB,MoveType,READ
ECONB,ErrorLog,READ
ECONB,Report,READ
ECONB,Report,NEW
ECONB,ARInvoice,UPDATE
ECONB,ARInvoice,READ
ECONB,ARPayment,NEW
ECONB,ARPayment,UPDATE
ECONB,ARPayment,READ
ECONB,APInvoice,NEW
ECONB,APInvoice,UPDATE
ECONB,APInvoice,READ
ECONB,APPayment,NEW
ECONB,APPayment,UPDATE
ECONB,Agent,READ
ECONB,Vendor,NEW
ECONB,Vendor,UPDATE
ECONB,Vendor,READ
ECONB,Trucker,UPDATE
ECONB,Trucker,READ
ECONB,Incoterm,NEW
ECONB,Incoterm,UPDATE
ECONB,Incoterm,READ
ECONB,PaymentTerm,NEW
ECONB,PaymentTerm,UPDATE
ECONB,PaymentTerm,READ
ECONB,Currency,NEW
ECONB,Currency,UPDATE
ECONB,CustomAgent,NEW
ECONB,CustomAgent,UPDATE
ECONB,CustomAgent,READ
ECONB,Airline,NEW
ECONB,Airline,UPDATE
ECONB,Airline,READ
ECONB,ShippingLine,NEW
ECONB,ShippingLine,UPDATE
ECONB,ShippingLine,READ
ECONB,Trucker,NEW
ECONB,Country,NEW
ECONB,Country,UPDATE
ECONB,Country,READ
ECONB,GlobalZone,NEW
ECONB,GlobalZone,UPDATE
ECONB,GlobalZone,READ
ECONB,Branch,NEW
ECONB,Branch,UPDATE
ECONB,Branch,READ
ECONB,Department,NEW
ECONB,Currency,READ
ECONB,VatType,NEW
ECONB,VatType,UPDATE
ECONB,VatType,READ
ECONB,ChargesType,NEW
ECONB,ChargesType,UPDATE
ECONB,ChargesType,READ
ECONB,Port,NEW
ECONB,Port,UPDATE
ECONB,Port,READ
ECONB,State,READ
ECONB,DocumentType,NEW
ECONB,DocumentType,UPDATE
ECONB,DocumentType,READ
ECONB,EventType,NEW
ECONB,EventType,UPDATE
ECONB,EventType,READ
ECONB,PackageType,NEW
ECONB,PackageType,UPDATE
ECONB,PackageType,READ
ECONB,Department,UPDATE
ECONB,Department,READ
ECONB,Contact,NEW
ECONB,Contact,UPDATE
ECONB,Contact,READ
ECONB,User,NEW
ECONB,User,UPDATE
ECONB,User,READ
ECONB,State,NEW
ECONB,State,UPDATE
ECONB,Shipment,UPDATE
ECONB,Shipment,NEW
ECONB,Shipment,READ
ECONB,Master,UPDATE
ECONB,Master,NEW
ECONB,Master,READ
ECONB,Customer,NEW
ECONB,Customer,UPDATE
ECONB,Customer,READ
ECONB,Agent,NEW
ECONB,Agent,UPDATE
ORV,Customs.Declaration,Module
ORV,Customs.Declaration,LOADVEHICLESFROMUNI
