ContactMobileDevices,NotificationUniqueKey,('')
TenantManagements,IsEAWBOnlyDemo,((0))
ContactMobileDevices,Email,('')
MobileNotificationLogs,Tenant,((0))
TenantManagements,ActivityTotalLastWeek,((0))
MobileNotificationLogs,CreateDate,('1900-01-01T00:00:00.000')
TenantManagements,ActivityTotalLastMonth,((0))
TenantManagements,ManagesRegisteredAgent,((0))
GlobalDBs,SharedDWConnection,('')
TenantManagements,OpportunityTotalLastWeek,((0))
CaptchaKeys,IsUsed,((0))
TenantManagements,OpportunityTotalLastMonth,((0))
MobileNotificationLogs,IsRead,((0))
MobileNotificationLogs,IsDelete,((0))
TenantManagements,ShardLogisticTotalLastWeek,((0))
TenantManagements,ShardLogisticTotalLastMonth,((0))
TenantManagements,IsRestrictedByAirline,('false')
TenantManagements,MobileTotalLastWeek,((0))
PerformanceLogs_temp1,ServerTime,((0))
TenantManagements,MobileTotalLastMonth,((0))
TenantManagements,BillingByLogitude,((0))
PasswordResetRequests,IsMobileOnly,((0))
ContactMobileDevices,IsSignOut,((0))
MobileNotificationLogs,NumberOfRetriesIOS,((0))
MobileNotificationLogs,NumberOfRetriesAndroid,((0))
TenantManagements,IsINTTRAStockPrepaid,((0))
HelpResources,IsNew,((0))
TenantManagements,IsINTTRAOnlyDemo,((0))
WebhookKeys,Id,('')
BluesnapContracts,Id,('')
TenantManagements,EnableBranding,((0))
TenantManagements,HideSharedlogistics,((0))
BluesnapContracts,BluesnapContractTypeCode,('BA')
TenantManagements,IsParentTenant,((0))
Settings,LogitudeCRMTenantNumber,((341))
TenantManagements,AgentSharedLogisticsStatisticsLastWeek,((0))
Settings,AutoSignupEmail,('AutoSignup@amital.co.il')
TenantManagements,AgentSharedLogisticsStatisticsLastMonth,((0))
Settings,AutoSignupPassword,('$Gen)(8761')
ContactPasswords,SharedMobileAppAlertsforFollowedShipment,((0))
TenantManagements,ChangeHeaderColor,((0))
Settings,ForceHttps,((0))
ContactPasswords,SharedMobileAppAlertonExceptions,((0))
Settings,IOSSharedAppMinimumVersion,((1))
ContactPasswords,IsSendNotificationForMobile,((0))
Settings,EnableHybridQueue,('false')
Settings,AndroidSharedAppMinimumVersion,((0))
Settings,IsDocumentsArchive,((0))
Settings,IsUpgradingChamp,((0))
Settings,AndroidPodAppMinimumVersion,((0))
Settings,IOSPodAppMinimumVersion,((0))
Settings,SameUserLoginEnabled,((0))
Settings,System2RedirectFraction,((0))
PerformanceLogs_temp2,ServerTime,((0))
Settings,ReportsRunUsingWR,((0))
Settings,IsUpdateWarehouseDataRunning,((0))
Settings,IsBuildWarehouseDataRunning,((0))
Settings,EmailSendingQuota,((0))
Settings,ChampTestAPIURL,('')
Settings,ChampTestAPIPassword,('')
Settings,ChampProdAPIURL,('')
Settings,ChampProdAPIPassword,('')
ContactPasswords,IsBCrypt,((0))
Settings,QBOOAuthDefault,((0))
Settings,IsFullBuildDWRunning,((0))
Settings,IsIncrementalDWRunning,((0))
MobileNotificationLogs,IsException,((0))
GlobalDBs,IsBlocking,((0))
TenantManagements,SupportActivated,((0))
TenantManagements,ShipmentTotalLastWeek,((0))
TenantManagements,QuoteTotalLastWeek,((0))
TenantManagements,CreateDate,('2012-12-23 12:00:00')
TenantManagements,APInvoiceTotalLastMonth,((0))
TenantManagements,IsRegistered,('false')
TenantManagements,APInvoiceTotalLastWeek,((0))
TenantManagements,IsDistributorSupportEnabled,('false')
TenantManagements,IsSystemSupportEnabled,('false')
TenantManagements,ARInvoiceTotalLastMonth,((0))
TenantManagements,IsMultiPackage,((0))
TenantManagements,ARInvoiceTotalLastWeek,((0))
TenantManagements,ManageLicencesPerUser,('false')
TenantManagements,IsRecurring,((0))
TenantManagements,QuoteTotalLastMonth,((0))
TenantManagements,PaymentFailure,('false')
TenantManagements,CustomerTotalLastMonth,((0))
TenantManagements,IsAWBStockPrepaid,('false')
TenantManagements,CustomerTotalLastWeek,((0))
TenantManagements,IsDEXXConnectionEnabled,((0))
TenantManagements,ShipmentTotalLastMonth,((0))
TenantManagements,IsCargonautEnabled,('false')
AutoSignupEmails,CreateDate,('1900-01-01T00:00:00.000')
TenantManagmentPrivateLabels,Tenant,((0))
GlobalContacts,IsUser,('False')
LogitudeLeads,IsUserEmailSent,((0))
GlobalContacts,InternetAccess,('false')
BluesnapContracts,InActive,((0))
GlobalDBs,IsUpgrading,((0))
GlobalDBs,IsActive,((0))
GlobalTenants,Version,((0))
GlobalTenants,IsActive,((0))
PerformanceLogs,ServerTime,((0))
TenantManagements,MainAdditionalPackageApplied,((0))
MAWBStacks,IsUsed,('0')
DWObjectFields,IsCustom,((0))
DWObjectFields,HideTree,((0))
DWObjectFields,CannotFilter,((0))
BlobFiles,IsCompressed,((0))
ARInvoices,IsCustomsChargesOnly,((0))
ARInvoices,TransferStatusCode,('NR')
ARInvoices,IsConstituentInvoice,('false')
ARInvoices,AmountInProfitCurrency,((0))
ARInvoices,TransferTries,((0))
ARInvoices,IsTransferStarted,((0))
ARInvoices,IsPrinted,((0))
ARInvoices,ProfitCurrencyExchangeRate,((0))
ARInvoices,IsConsolidationInvoice,('false')
ARInvoices,IsGeneralInvoice,((0))
ARInvoices,IsFullAccounting,((0))
ARInvoices,Intercompany,((0))
ARInvoices,IsInvoiceNumberFromStock,((0))
ARInvoices,SATTransferStatusCode,('NT')
ARInvoices,IsMultiCurrency,((0))
ARInvoices,SATInvoiceStatusCode,('NO')
ARInvoices,SplitJournalByCurrency,((0))
ARInvoices,IsExternalEntity,((0))
ShipmentTypes,AutomaticLastUpdateDate,(getdate())
TariffVersions,IsDraft,((0))
ShipmentPackages,HasContainerException,((0))
ShipmentPackages,IsMultiHarmonize,((0))
ShipmentPackages,NonActiveContainer,((0))
ShipmentPackages,MarinePollutant,((0))
ShipmentPackages,NumberOfInsidePackages,((0))
ShipmentPackages,IsDeliveryFU,((0))
ShipmentPackages,IsEmptyContainerReturnFU,((0))
EntityChanges,ExecutionTime,((0))
RoleFeatures,IsDeleted,((0))
Shipments,HasException,((0))
Shipments,INTTRADocumentQTY,((0))
Shipments,AutomaticLastUpdateDate,(getdate())
Shipments,INTTRAIsFreighted,((0))
Shipments,ShipmentContainerReturnIndex,((0))
Shipments,HasContainerException,((0))
Shipments,FBLIsFromStock,((0))
Shipments,CustomConnectToShipment,((0))
Shipments,OrderGrossWeightEdited,((0))
Shipments,OrderChargeableWeightEdited,((0))
Shipments,SIHasAttachList,((0))
Shipments,StatusWeight,((0))
Shipments,NumberOfInsidePackages,((0))
Shipments,CreditNoteIssued,('false')
Shipments,AWBPrint,((0))
Shipments,AsAgreedFreight,((0))
Shipments,AsAgreedOtherCharges,((0))
Shipments,IsFSRSent,((0))
Shipments,IsMultipleCommodities,('false')
Shipments,NoFreightFile,((0))
Shipments,ARInvoiceIssued,('false')
Shipments,SplitOnCarriage,((0))
Shipments,ViaColoader,((0))
Shipments,IsAssembly,((0))
Shipments,OpenReceivablesLines,((0))
Shipments,IncludesCustoms,((0))
Shipments,IsNewARInvoiceBlocked,((0))
Shipments,IsManifestSentToAgent,((0))
AWBDescriptionOfGoods,IsTemperatureSensitive,((0))
Quotes,IsQuoteDataExternal,((0))
Quotes,IsQuoteDocumentExternal,((0))
Quotes,IsSaleCurrencySameAsCost,('false')
Quotes,ChargeableWeightEdited,((0))
Quotes,TotalPerContainer,((0))
Quotes,GrossWeightEdited,((0))
Quotes,IsSubjectEdited,('false')
Quotes,IncludePickUp,((0))
Quotes,IncludeDelivery,((0))
Quotes,IsAutomaticallyClosed,('false')
Quotes,LastVersionNumber,((0))
Quotes,BusinessUnitId,('0')
Quotes,DeclinedDate,('1900-01-01T00:00:00.000')
Quotes,AcceptedDate,('1900-01-01T00:00:00.000')
Quotes,SentDate,('1900-01-01T00:00:00.000')
Quotes,IsChargesByVAT,((0))
CardContacts,IsAll,('false')
CardContacts,IsInlandDomestic,('false')
CardContacts,IsInlandImport,('false')
CardContacts,IsOceanExport,('false')
CardContacts,IsAirImport,('false')
CardContacts,IsInlandExport,('false')
CardContacts,InternetAccess,((0))
CardContacts,IsCustomsImport,('false')
CardContacts,IsOceanImport,('false')
CardContacts,IsAirExport,('false')
Airlines,NoAvailabilityInFVAMessages,((0))
Airlines,HasAdaptations,((0))
Airlines,IsChampRegistered,((0))
Airlines,GLSHKFVRFVA,((0))
Airlines,GLSHKFFRFFA,((0))
Airlines,ChampNeedsRegistration,((0))
Airlines,ChampFVRFVA,((0))
Airlines,IsManagingProduct,((0))
Airlines,GLSHKRegistrationRequested,((0))
Airlines,ChampFSU,((0))
Airlines,ChampFHL,((0))
Airlines,IsDeclined,((0))
Airlines,IsProductMandatory,((0))
Airlines,ChampFWB,((0))
Airlines,IsDescriptionOfGoodsFromList,((0))
Airlines,ChampRegistrationRequested,((0))
Airlines,ChampFSRFSA,((0))
Airlines,GLSHKFSRFSA,((0))
Airlines,GLSHKFSU,((0))
Airlines,GLSHKFHL,((0))
Airlines,GLSHKFWB,((0))
Airlines,GLSHKNeedsRegistration,((0))
Airlines,IsGLSHKRegistered,((0))
Airlines,ChampFFRFFA,((0))
Airlines,IsAllowedInAirlinesRestriction,('false')
Airlines,LimitedLength,((1))
CustomerDepositions,CreateDate,('1900-01-01T00:00:00.000')
QuoteCharges,IsChargeBySteps,((0))
ReportGroups,OrderNumber,((0))
Activities,MeetingSummaryRightToLeft,((0))
Activities,DescriptionRightToLeft,((0))
Activities,BusinessUnitId,('0')
Activities,NeedSynchronization,((0))
Activities,IsOpen,((0))
Activities,IsLeftVoiceMail,((0))
CustomsSettings,TehilaDca,((0))
CustomsSettings,BlockAgentBankForMasab,((0))
CustomsSettings,UnifreightCertificateActivated,((0))
CustomsSettings,AutoFillPaymentScreen,((0))
CustomsSettings,Tenant,((0))
CustomsSettings,AutoFillAccountType,((0))
CustomsSettings,AutoUnitMeasurement,((0))
OpportunityAdditionalServices,NotesRightToLeft,((0))
SharedLogisticsSettings,IsConsigneeShared,((0))
SharedLogisticsSettings,IsShowAmountLocalCurrency,((0))
SharedLogisticsSettings,IsShipperShared,((0))
APPaymentMethods,Id,('')
APPaymentMethods,Tenant,((0))
APPaymentMethods,AddedManually,((0))
APPaymentMethods,Inactive,((0))
Customers,IsCustomer,('false')
Customers,ActivityWatch,('false')
Customers,StartWorkingManuallySet,((0))
Customers,LogBoxActivated,((0))
Customers,BlockNewShipmentCreation,((0))
Customers,BlockNewInvoiceCreation,((0))
Customers,AutomaticLastUpdateDate,(getdate())
Customers,IsPrivateLabelCustomer,((0))
Customers,IsCreditLimitEnabled,((0))
Branches,AutomaticLastUpdateDate,(getdate())
Automations,Version,((0))
Automations,Order,((0))
Automations,IsAutomationDone,((0))
PackageTypes,IsVehicle,((0))
PackageTypes,IsRefrigerated,((0))
ObjectFields,EnableFullscreenTextBox,((0))
ObjectFields,DependencyFilter3IsList,((0))
ObjectFields,CanAutomateSetValue,((0))
ObjectFields,DependencyFilter1IsList,('false')
ObjectFields,DisplayLongName,((0))
ObjectFields,DisplayInAutomationAsEnitity,((0))
ObjectFields,NumberOfDigits,((0))
ObjectFields,IsMaxLength,('false')
ObjectFields,DependencyFilter2IsList,('false')
ObjectFields,DisplayOnLookUpLocal,((0))
ObjectFields,AllowedInAirlineMessaging,((0))
ObjectFields,DisplayInDocumentReferences,((0))
ObjectFields,AllowedinAutomationConditions,((0))
ObjectFields,AutomationEmailRecipient,((0))
ObjectFields,CopyToDW,((0))
ObjectFields,AllowedInCustomerFieldsSettings,((0))
ObjectFields,Code,('')
ObjectFields,AutomaticLastUpdateDate,(getdate())
ObjectFields,HasTemplate,((0))
Sprints,IsCompleted,((0))
AccountingPaymentMethods,AddedManually,((0))
AccountingPaymentMethods,Id,('')
AccountingPaymentMethods,Tenant,((0))
AccountingPaymentMethods,Inactive,((0))
AccountingPaymentMethods,IsAR,((1))
AccountingPaymentMethods,IsAP,((0))
DocumentTypeMetaDatas,Mandatory,((0))
PhysicalChecks,NoEscortRequired,((0))
MoveTypes,AutomaticLastUpdateDate,(getdate())
CustomerProducts,NotesRightToLeft,((0))
Incoterms,AutomaticLastUpdateDate,(getdate())
OccasionInvitees,Invited,((0))
OccasionInvitees,Participated,((0))
CargoIdentifireTypes,InActive,((0))
Queries,SharedWithSpecificUsers,((0))
Queries,SharedWithAll,((0))
Queries,SpotlightModeActivated,((0))
Queries,Internal,((0))
Queries,Customer,((0))
Queries,IsNewFromTenantZeroOnly,('false')
Queries,IsHiddenFromView,('false')
Queries,Agent,((0))
DocumentsFilings,CancellSignRequest,((0))
DocumentsFilings,IsSharedIn,((0))
DocumentsFilings,IsSharedOut,((0))
DocumentsFilings,BackedupExternally,((0))
DocumentsFilings,IsDeleted,((0))
DocumentsFilings,IsDigitallySigned,((0))
DocumentsFilings,LastVersion,((0))
DocumentsFilings,IsRequested,((0))
DocumentsFilings,IsDigitalSignRequired,((0))
DocumentsFilings,IsSharedWithCustomer,((0))
DocumentsFilings,IsSharedWithForwarder,((0))
APInvoiceLines,VatPercentage,((0))
APInvoiceLines,AuthorizedSignatory,((0))
EntityStatus,AutomaticLastUpdateDate,(getdate())
EntityStatus,DisplayName,('')
TMBudgets,Inactive,((0))
ARInvoiceTotalVATs,ProfitVatableAmount,((0))
ARInvoiceTotalVATs,ProfitCurrencyVATAmount,((0))
CheckQueueTypes,InActive,((0))
TenantSettings,DontIncludeDirects,('false')
TenantSettings,IsDocumentFilingByEmailEnabled,((1))
VatMandatoryType,ViewOrder,((0))
Declarations,IsCourierDeclaration,((0))
Declarations,ExcludeConsignment,((0))
Declarations,IsConnectedToUnifreight,((0))
Declarations,IsValueForCustomsOnly,((0))
Declarations,IsCourierMissingClassification,((0))
Declarations,IsClose,((0))
AgentSharedManifests,DirectionId,('')
AgentSharedManifests,TransportModeId,('')
AgentSharedManifests,CancelledBySenderAgent,((0))
Regions,InActive,((0))
Regions,AutomaticLastUpdateDate,(getdate())
TicketEscalations,IsSLAViolated,((0))
Agents,BlockNewInvoiceCreation,((0))
Agents,BlockNewShipmentCreation,((0))
Agents,IsCreditLimitEnabled,((0))
DocumentTypes,DocumentTypeCategoryCode,('')
DocumentTypes,IsAirDigitalSignRequired,((0))
DocumentTypes,IsInlandDigitalSignRequired,((0))
DocumentTypes,IsCustomerView,((0))
DocumentTypes,IsOceanDigitalSignRequired,((0))
DocumentTypes,IsAgentView,((0))
DocumentTypes,IsReadOnly,((0))
DocumentTypes,OrderBy,((0))
DocumentTypes,IsDocumentOneTimePrintLimited,('false')
DocumentTypes,IsSystemAdditionalPrintingFields,((0))
DocumentTypes,IsAgentSharedInDirect,((0))
DocumentTypes,IsAgentSharedInHouse,((0))
DocumentTypes,IsAgentSharedInMaster,((0))
DocumentTypes,IsEnabledForCustomers,((0))
DocumentTypes,IsCopiedAtSignup,((0))
BankDeposits,AccountingDate,('1900-01-01T00:00:00.000')
BankDeposits,IsCanceled,((0))
QuoteStages,InActive,((0))
Translations,UpdateDateGMT,('1900-01-01T00:00:00.000')
ReportExecutionLogs,RetryNumber,((0))
CustomsDocuments,IsPartOfDeclaration,((0))
ARPayments,TransferTries,((0))
ARPayments,IsTransferStarted,((0))
ARPayments,AccountingPaymentMethodId,('')
ARPayments,OpenAmount,((0))
ARPayments,IsPaymentNumberManuallySet,((0))
ARPayments,SATTransferStatusCode,('NT')
ARPayments,IsFullAccounting,((0))
ReconcileExternalPageLines,InProgressExternalReconcile,((0))
ReconcileExternalPageLines,DebitAmount,((0))
ReconcileExternalPageLines,Creditamount,((0))
ReconcileExternalPageLines,Id,('')
ReconcileExternalPageLines,InReconcileProgress,((0))
GLAccounts,ExcludeFromDeductionReport,((0))
GLAccounts,ActiveForInterestCreditInvoice,((0))
GLAccounts,AllowEditChequePayToName,((0))
GLAccounts,MinimumInterestInvoiceBilling,((0))
GLAccounts,InterestCalculationStartDate,('1900-01-01T00:00:00.000')
GLAccounts,ActiveForInterest,((0))
GLAccounts,Smallcashbook,((0))
GLAccounts,CreateDate,('1900-01-01T00:00:00.000')
GLAccounts,UpdateDate,('1900-01-01T00:00:00.000')
GLAccounts,IsEquipmentVendor,((0))
EventTypes,IsAgentView,((0))
EventTypes,IsCustomerView,((0))
EventTypes,IsSharedLogisticsEnabled,((0))
EventTypes,AllowedInAutomation,((0))
EventTypes,StatusWeight,((0))
IATACodes,IsIATA,((0))
IATACodes,Id,('')
IATACodes,InActive,((0))
AccountingIntegrityChecks,HasException,((0))
AccountingIntegrityChecks,ShouldFix,((0))
Contacts,AutomaticLastUpdateDate,(getdate())
Contacts,SharedMobileAppAlertonExceptions,((0))
Contacts,IsSendNotificationForMobile,((0))
Contacts,SharedMobileAppAlertsforFollowedShipment,((0))
Contacts,AnniversaryReminder,((0))
Contacts,DontShowLocalLabels,((0))
Contacts,UserType,('R')
Contacts,DisplayGettingStarted,((0))
Contacts,BirthdayReminder,((0))
ShipmentCustomerTypes,ShowInLOV,((0))
GLAccountWithholdingTax,LineNumber,((0))
AirlineMessagingRules,AirlineId,('')
AirlineMessagingRules,InActive,((0))
FTPDetails,UseSFTP,((0))
PartnerTypes,AutomaticLastUpdateDate,(getdate())
AWBSpecialHandlingCodes,Id,('')
AWBSpecialHandlingCodes,IsIATA,((0))
AWBSpecialHandlingCodes,InActive,((0))
QuoteTemplateTextCodes,OriginalLocalName,('')
QuoteTemplateTextCodes,OriginalEnglishName,('')
WithholdingTaxDeductionTypes,Tenant,((0))
Ratings,IndexOrder,((0))
ShipmentAdditionalCloudDatas,IsUserIDNumberRequired,((0))
ShipmentAdditionalCloudDatas,SendUpdatesToAgentEnabled,((0))
ShipmentAdditionalCloudDatas,DocsSentToAgent,((0))
ShipmentAdditionalCloudDatas,IsPaymentRequired,((0))
ObjectFieldModifications,UpdateDateGMT,('1900-01-01T00:00:00.000')
ChargesTypes,IsDomestic,((0))
ChargesTypes,IsImport,((0))
ChargesTypes,IsExport,((0))
ChargesTypes,AccountingVATSplit,((0))
ChargesTypes,IsDrop,((0))
ChargesTypes,IsBackToBack,((0))
ChargesTypes,IsAutoDisplayInCustoms,((0))
ChargesTypes,IsExpense,((0))
ChargesTypes,IsCustoms,((0))
UserLoginLogs,ComputerId,(' ')
SharedLogisticsContactLastLogins,Via,('')
FullAccountingSettings,VATOutputGLAccountId,('')
FullAccountingSettings,IsPaymentChequesActivated,((0))
ComputingPartners,Tenant,((0))
ComputingPartners,InActive,((0))
ComputingPartners,Code,('')
AuthenticationTokens,InActive,((0))
AuthenticationTokens,APIToken,((0))
ClaimImporterDeclarsPage3As,Tenant,((0))
ClaimImporterDeclarsPage3As,LineNo,((0))
Directions,AutomaticLastUpdateDate,(getdate())
TenantAdditionalDatas,Tenant,((0))
CustomPickLists,IsMultipleChoice,('false')
CustomPickLists,AutomaticLastUpdateDate,(getdate())
SATPaymentMethods,LocalName,('')
CommunicationLogSteps,IsLogCompress,((0))
Cards,IsInternationalPartner,((0))
Cards,IsAutonomy,((0))
Cards,IsCustomer,('false')
Cards,EnableConsolidationInvoices,('false')
Cards,AutomaticLastUpdateDate,(getdate())
Cards,IsActiveForMobile,((0))
APInvoiceTotalVATs,ProfitVatableAmount,((0))
APInvoiceTotalVATs,ProfitCurrencyVATAmount,((0))
CustomerTenantAccesses,IsPrivateLabelCustomer,((0))
InterestReportLinesByDates,LineNumber,((0))
LeadSources,InActive,((0))
Journals,IsLedgerCreated,((0))
TasksScheduler,Retries,((0))
TasksScheduler,Version,((0))
TasksScheduler,AverageRunTime,((0))
APPayments,TaxDeductionPercentage,((0))
APPayments,AutomaticPaymentCheque,((0))
APPayments,PaymentMethodId,('')
APPayments,TransferStatusCode,('')
APPayments,DontIncludeInDeductionReport,((0))
Questionnaires,VersionNumber,((0))
Questionnaires,InActive,('false')
CustomerAdditionalServices,NotesRightToLeft,((0))
CustomerAdditionalServices,AdditionalServiceId,('')
CustomerAdditionalServices,Potential,('false')
PaymentTerms,CurrentMonth,((0))
PaymentTerms,IsManuallySet,('false')
HybridPartners,PartnerTenant,((0))
HybridPartners,InActive,((0))
HybridPartners,ReceiveAllStatuses,((0))
HybridPartners,IsMislakaActivated,((0))
HybridPartners,IsExternalPartner,((0))
HybridPartners,AllowSendingDocsToAgent,((0))
DocumentOuts,IsBlobExist,('false')
CustomerActualDataHistory,HasException,((0))
TraceEvents,IsAddedManually,((0))
ClaimImporterDeclarsPage3Bs,Tenant,((0))
Correspondences,RightToLeft,((0))
WarehouseEntries,TotalVolumetricWeight,((0))
WarehouseEntries,VolumeUnitCode,('')
WarehouseEntries,DimensionsUnitCode,('')
WarehouseEntries,ConnectedToShipment,((0))
ObjectTableRules,Internal,('False')
ObjectTableRules,AdvancedCondition,('true')
Feeds,IsCancelled,((0))
CustomerOpenFilesAmounts,Tenant,((0))
CustomsInterfaceSettings,ActivateCustomsManagementInShipments,((0))
CustomsInterfaceSettings,Tenant,((0))
Countries,IsNorthAmerica,((0))
Countries,HasStates,((0))
Countries,HasCitiesList,('false')
Countries,IsStateRequired,((0))
Countries,AutomaticLastUpdateDate,(getdate())
ClaimsRelatedEntitiesReasons,LineNo,((0))
ChargesGroups,Tenant,((0))
ChargesGroups,Id,('')
ChargesGroups,ViewOrder,((0))
WarehouseEntryPackages,Instock,((0))
WarehouseEntryPackages,IsContainer,((0))
WarehouseEntryPackages,IsConnectedToShipment,((0))
ShipmentLevels,AutomaticLastUpdateDate,(getdate())
ReportsTemplatesVersions,IsRestored,((0))
TariffVersionAllInCharges,TariffId,('')
QuoteCustomerTypes,ShowInLOV,((0))
AccountingSystems,AllowAPPaymentsTransfer,((0))
AccountingSystems,CanTransferToDropbox,((0))
AccountingSystems,InActive,((0))
AccountingSystems,AllowARPaymentsTransfer,((0))
AccountingSystems,IsSingleCurrencyAccount,('false')
AccountingSystems,AllowPositiveAmountsInTheCreditNote,('false')
AccountingSystems,IsExternalCodesFromTable,((0))
AccountingSystems,AllowAPInvoicesTransfer,('false')
AccountingSystems,AllowARInvoicesTransfer,('false')
AccountingSystems,AllowMinusInvoiceLines,('false')
AccountingSystems,IsExternalCodesFromAPI,((0))
AccountingSystems,IsSingleTaxPerInvoice,('false')
AccountingSystems,ShowDownloadScreen,('false')
AccountingSystems,IsTaxItemManaged,('false')
AccountingSystems,AllowManuallyDueDate,('false')
AccountingSystems,IsExternalCodesSyncEnabled,((0))
AccountingSystems,IsJournalMode,('false')
ClaimsRelatedEntsReasonsExps,LineNo,((0))
MenuButtons,Width,('0')
WarehouseReleasePackages,IsContainer,((0))
ShipmentPickUpDeliveryPackages,IsMultiHarmonize,((0))
ShipmentMasterDatas,AutomaticLastUpdateDate,(getdate())
ShipmentMasterDatas,IsKnownCargo,((0))
ShipmentMasterDatas,AWBPrintingSecurityStatusEdited,((0))
ShipmentMasterDatas,AdditionalHandlingInfoEdited,((0))
ShipmentMasterDatas,AWBPrintingRANumberEdited,((0))
ShipmentMasterDatas,ProrateReceivables,((0))
ShipmentMasterDatas,StatusWeight,((0))
WarehouseReleases,TotalQuantity,((0))
WarehouseReleases,IsUsed,((0))
WarehouseReleases,TotalVolumetricWeight,((0))
WarehouseReleases,DimensionsUnitCode,('')
WarehouseReleases,ReleaseNumber,('')
WarehouseReleases,VolumeUnitCode,('')
LedgerTransactions,InProgressExternalReconcile,((0))
LedgerTransactions,IsExternalReconcile,((0))
LedgerTransactions,InReconcileProgress,((0))
LedgerTransactions,IsReconciled,((0))
ShipmentPayables,IsBackToBack,((0))
ShipmentPayables,TariffVersion,((0))
ShipmentPayables,Id,((0))
ShipmentPayables,IsChargeBySteps,((0))
ShipmentReceivables,IsChargeBySteps,((0))
ShipmentReceivables,IsBackToBack,((0))
ShipmentReceivables,IsExpense,((0))
TMEmployeeTimes,ProratedDuration,((0))
TMEmployeeTimes,FullDuration,((0))
TMEmployeeTimes,NeedsProrating,((0))
ClaimImporterDeclarsPage3s,LineNo,((0))
ClaimImporterDeclarsPage3s,Tenant,((0))
Users,AutomaticLastUpdateDate,(getdate())
Users,ShowLogBoxToolTip,((0))
Users,IsTwoFactorAuthenticationEnabled,((0))
Users,SetAngularAsDefault,((0))
Users,IsShowContactDetailsInTheMobileApp,((0))
Users,IsBranchRestricted,((0))
Users,IsProductRestricted,('false')
Users,IsFreelancer,('false')
Users,LicencedUser,('false')
Users,IsDistributor,('false')
Users,BusinessUnitId,('0')
Users,IsSalesman,((0))
Users,ShowLocalNameInLOV,((0))
Users,ShowInboxToolTip,((0))
Users,AdditionalPackagesOnly,((0))
Currencies,AutomaticLastUpdateDate,(getdate())
QuoteSettings,AutomaticallyCloseDays,((0))
QuoteSettings,CopyExchangeRates,((0))
QuoteSettings,IsSaleAsCostCurrency,((0))
QuoteSettings,CopyAgent,((0))
QuoteSettings,CopyNotify,((0))
Warehouses,MyWarehouse,((0))
TMProjects,ExcludeFromProrating,((0))
TMProjects,BudgetId,('')
TMProjects,IsProrated,((0))
TMProjects,CategoryId,('')
TMProjects,CreatedByUserId,('')
TMProjects,BlockedForDataEntry,((0))
TMProjects,Inactive,((0))
TMProjects,UpdateDate,('1900-01-01T00:00:00.000')
TMProjects,UpdatedByUserId,('')
TMProjects,IsInnerProject,((0))
TMProjects,ProjectNumber,('')
Departments,AutomaticLastUpdateDate,(getdate())
Reports,InActive,((0))
OpportunityClosingReasons,InActive,((0))
Occasions,InvitedContacts,((0))
Occasions,ParticipatedCustomers,((0))
Occasions,ParticipatedContacts,((0))
Occasions,InvitedCustomers,((0))
ContactsUnseenEntities,CreateDate,('1900-01-01T00:00:00.000')
VatTypes,IsMultiPercentage,((0))
ObjectTableLastUpdates,ObjectTableId,('')
SupplierInvoiceItemVehicleAdds,Tenant,((0))
EmployeeGroupLines,IsDefaultOwner,((0))
InboundEmails,IsRejected,((0))
SchedulerProcedure,IsInternallyDefined,((0))
QuoteTemplateSections,Name,('')
QuoteTemplateSections,IsCancel,('false')
TransportModes,AutomaticLastUpdateDate,(getdate())
AccountingSettings,EnableMultiCurrencyAPPayments,((0))
AccountingSettings,IsAPInvoicesTransferEnabled,('false')
AccountingSettings,AllowPositiveAmountsInTheCreditNote,('false')
AccountingSettings,IsARInvoicesTransferEnabled,('false')
AccountingSettings,AllowClosureWithoutPayables,('false')
AccountingSettings,EnableInvoiceStocksManagement,((0))
AccountingSettings,AllowMinusInvoicelines,((0))
AccountingSettings,IsSingleTaxPerInvoice,((0))
AccountingSettings,AllowManualARPaymentNumber,((0))
AccountingSettings,IsARPaymentChronologicalDates,((0))
AccountingSettings,EnableMultiCurrencyARPayments,((0))
AccountingSettings,IsAPPaymentsTransferEnabled,((0))
AccountingSettings,TransferToDropboxActivated,((0))
AccountingSettings,QBOOAuth,((0))
AccountingSettings,EnableNegativeOffsetARPayments,((0))
AccountingSettings,EnableNegativeOffsetAPPayments,((0))
AccountingSettings,EnableMultiPercentageVATTypes,((0))
AccountingSettings,EnableMultiRateAPInvoices,((0))
AccountingSettings,NotifyPastDateOnInvoiceEdit,((0))
AccountingSettings,IsARPaymentsTransferEnabled,((0))
AccountingSettings,OnInvoiceApprovalUpdateDate,((0))
VendorCommissions,Tenant,((0))
InboundEmailLines,EntityLineId,('')
Opportunities,BusinessUnitId,('0')
Opportunities,SearchFields,(NULL)
Opportunities,IsCancelled,('false')
CustomerSizes,AutomaticLastUpdateDate,(getdate())
CustomerSizes,OrderNumber,((0))
dw_shipments,AgentId,('-1')
dw_shipments,CustomerId,('-1')
dw_shipments,ConsigneeId,('-1')
dw_shipments,ShipperId,('-1')
dw_shipments,FromPortId,('-1')
dw_shipments,AccountManagerUserId,('-1')
dw_shipments,SalesmanUserId,('-1')
dw_shipments,IncotermId,('-1')
dw_shipments,MasterShipmentDataId,('-1')
dw_shipments,ToPortId,('-1')
Ranks,AutomaticLastUpdateDate,(getdate())
AccountingSystemsSettings,UpdateOnNextRequest,('false')
SpecialServicesTypes,InActive,((0))
SpecialServicesTypes,AutomaticLastUpdateDate,(getdate())
APInvoices,IsGeneralInvoice,((0))
APInvoices,IsExternalEntity,((0))
APInvoices,TransferTries,((0))
APInvoices,IsTransferStarted,('false')
APInvoices,IsMultipleEntities,((0))
ClaimImporterDeclarsP3Lois,LineNo,((0))
CreditCardTypes,InActive,((0))
ShipmentComputedFields,IsDepositionRequired,((0))
ShipmentComputedFields,IsMissingDocuments,((0))
ShipmentComputedFields,LastDocumentDateTime,('1900-01-01T00:00:00.000')
ShipmentComputedFields,MissingDocumentsCount,((0))
ShipmentComputedFields,NumberOfHouses,((0))
ShipmentComputedFields,AutomaticLastUpdateDate,(getdate())
ShipmentComputedFields,IsDigitalSignRequired,((0))
ShipmentComputedFields,RequestedDocumentsCount,((0))
ShipmentComputedFields,IsRequestedDocuments,((0))
DocumentTypeTemplates,TemplateFooterHeight,((0))
DocumentTypeTemplates,TemplateHeaderHeight,((0))
DocumentTypeTemplates,IsEnabledForCustomers,((0))
DocumentTypeTemplates,IsCopiedAtSignup,((0))
EmailProviders,SupportsEmailDelivery,((0))
SLAHeaders,Inactive,((0))
OpportunityProducts,NotesRightToLeft,((0))
ContactPositions,InActive,((0))
Tickets,CreateDate,('1900-01-01T00:00:00.000')
Tickets,ResolveWithinDue,('1900-01-01T00:00:00.000')
Tickets,FullResolvedTime,('1900-01-01T00:00:00.000')
Tickets,FirstResponseDue,('1900-01-01T00:00:00.000')
Tickets,FirstResponseTime,('1900-01-01T00:00:00.000')
Tickets,InternalMode,((0))
Tickets,Closewithoutnotifying,((0))
Tickets,CreatedByContactId,('')
Tickets,Subject,('')
Competitors,InActive,((0))
Competitors,SearchFields,(NULL)
SLALines,FirstResponseEscalate,((0))
SLALines,ResolveWithinEscalate,((0))
Tenants,AccountingActivated,((0))
Tenants,ApplyVATForAllPartners,((0))
Tenants,IsCustomerTenantShare,((0))
Tenants,IsQuoteSubjectEdited,('false')
Tenants,CustomerTenantShareExportFile,((0))
Tenants,IsPotentialFaxRequired,((0))
Tenants,IsNumeric,((0))
Tenants,IsPotentialTelRequired,((0))
Tenants,AllowCustomersInAgentsLOV,((0))
Tenants,AutomaticLastUpdateDate,(getdate())
Tenants,IsCorrespondenceRightToLeftEnabled,((0))
Tenants,HideFCLAllIn,((0))
Tenants,TenantVATManagement,((0))
Tenants,TenantEmailSendingQuota,((0))
Tenants,ExportQuotationsToIntegratedSystem,((0))
Tenants,IsWebAccessActivated,((0))
Tenants,ProrateMasterReceivables,((0))
Tenants,IsInternalTicketByDefault,((0))
Tenants,RegulatedAgentRegimeActivated,((0))
Tenants,IsTestTenant,((0))
Tenants,AllowEAWBMoreThanTenPackages,((0))
Tenants,HasPrimaryContact,('false')
Tenants,IsDataBackupBuilt,('false')
Tenants,IsSharedLogisticsActivated,((0))
Tenants,IsNotesRightToLeftEnabled,((0))
Tenants,IsHybrid,((0))
Tenants,IsCustomerAddress1Required,('false')
Tenants,IsCustomerFaxRequired,('false')
Tenants,IsCustomerTelRequired,('false')
Tenants,DateTimeFormat,('dd\/MM\/yyyy')
Tenants,SharedLogisticsMessageLink,((0))
Tenants,VatMandatoryForPotentialCustomers,('false')
Tenants,IsMobileActivated,((0))
Tenants,AllowAgentInCustomersLOV,((0))
Tenants,IsPickDelAdrsRequired,('false')
Tenants,IsFullTextSearchEnabled,((0))
ShippingLines,INTTRAUpdatesShipment,((0))
ShippingLines,IsINTTRARegistered,((0))
FlightsSchedulesResponses,MissingPort,((0))
Commodities,InActive,((0))
Roles,IsCustomRole,((0))
Posts,IsAutomatic,((0))
Posts,NumberOfComments,((0))
Stages,InActive,((0))
Stages,IsSelectable,((0))
CustomerTenantAccessCardsBatches,TotalShipment,((0))
CustomerTenantAccessCardsBatches,Totalsucceeded,((0))
CustomerTenantAccessCardsBatches,Tenant,((0))
AccountingTransferLines,Tenant,((0))
ConversationHeaderParticipants,IsDelete,('false')
TenantLoginPolicies,KeepUserLoggedIn,((0))
TenantLoginPolicies,ExcludeInternalIPs,((0))
QuestionnaireAnswers,VersionNumber,((0))
Ports,AutomaticLastUpdateDate,(getdate())
Industries,AutomaticLastUpdateDate,(getdate())
Industries,InActive,((0))
ObjectTables,HasCustomValidator,((0))
ObjectTables,AllowedInQueues,((0))
ObjectTables,HasDynamicHeader,('false')
ObjectTables,HasDocuments,('false')
ObjectTables,AllowCustomFields,((0))
ObjectTables,IsTabsHidden,((0))
ObjectTables,EnableSecurity,((0))
ObjectTables,IsLookUp,('false')
ObjectTables,IsSaveButtonVisible,('true')
ObjectTables,MaxNumberOfCustomFields,((0))
ObjectTables,IsComposition,((0))
ObjectTables,DisableSearchBox,((0))
ObjectTables,HasCustomFilter,((0))
ObjectTables,HasShortTitle,((0))
ObjectTables,HasHelper,((0))
ObjectTables,HasFiltersMenu,((0))
ObjectTables,HasMenuButtons,((0))
ObjectTables,IsEditable,((0))
ObjectTables,AllowedForComputingPartners,((0))
OceanInsightsRequests,FromPushPage,((0))
OceanInsightsRequests,Type,('')
OceanInsightsRequests,BLNumber,('')
Documents,IsEncrypted,((0))
QuoteTemplateSettings,PageFooterBorderThickness,((0))
QuoteTemplateSettings,QuoteTemplatePDFMarginRight,((0))
QuoteTemplateSettings,PageFooterArea2Height,((0))
QuoteTemplateSettings,ShowTotalInSaleCurrencyContainers,('false')
QuoteTemplateSettings,ShowHeaderQuoteDate,('false')
QuoteTemplateSettings,ShowHeaderQuoteNumber,('false')
QuoteTemplateSettings,PageHeaderArea2Height,((0))
QuoteTemplateSettings,ShowDetailsFromPort,('false')
QuoteTemplateSettings,ShowHeaderCustomer,('false')
QuoteTemplateSettings,ShowCodeChargeSaleMinMaxContainers,('false')
QuoteTemplateSettings,ShowDetailsConsigneeContact,('false')
QuoteTemplateSettings,ShowDetailsExpirationDays,('false')
QuoteTemplateSettings,PageFooterArea3Height,((0))
QuoteTemplateSettings,PageFooterArea1Height,((0))
QuoteTemplateSettings,ShowDetailsDangerousGoods,('false')
QuoteTemplateSettings,ShowDetailsShipperContact,('false')
QuoteTemplateSettings,HeaderSectionHasTwoColumns,('false')
QuoteTemplateSettings,PageFooterImage3Width,((0))
QuoteTemplateSettings,PageFooterImage2Width,((0))
QuoteTemplateSettings,ShowDetailsCustomerName,('false')
QuoteTemplateSettings,ShowDetailsConsigneeReferences,('false')
QuoteTemplateSettings,ShowTitlePricingContainsers,('false')
QuoteTemplateSettings,PageHeaderBorderThickness,((0))
QuoteTemplateSettings,PageHeaderArea1Height,((0))
QuoteTemplateSettings,ShowDetailsExpirationDate,('false')
QuoteTemplateSettings,ShowDetailsDescriptionOfGoods,('false')
QuoteTemplateSettings,ShowPriceByContainerColumn,('false')
QuoteTemplateSettings,HeaderTableColumn1LabelWidth,((0.0))
QuoteTemplateSettings,DetailsTableColumn1LabelWidth,((0.0))
QuoteTemplateSettings,ShowDetailsCustomerContact,('false')
QuoteTemplateSettings,ShowDetailsShipperAddress,('false')
QuoteTemplateSettings,ShowSaleMaxMinAmountPackages,((0))
QuoteTemplateSettings,ShowSaleMaxMinAmountContainers,((0))
QuoteTemplateSettings,ShowTitleQuoteDetails,('false')
QuoteTemplateSettings,DetailsTableColumn1ValueWidth,((0.0))
QuoteTemplateSettings,ShowDetailsCarrier,('false')
QuoteTemplateSettings,ShowDetailsConsigneeName,('false')
QuoteTemplateSettings,DetailsSectionHasTwoColumns,('false')
QuoteTemplateSettings,ShowDetailsCustomerReferences,('false')
QuoteTemplateSettings,PageFooterAreaHeight,((0))
QuoteTemplateSettings,DetailsTableColumn2LabelWidth,((0.0))
QuoteTemplateSettings,ShowCodeChargeSaleMinMaxPackages,('false')
QuoteTemplateSettings,QuoteTemplatePDFMarginLeft,((0))
QuoteTemplateSettings,ShowDetailsShipperName,('false')
QuoteTemplateSettings,PageHeaderImage2Width,((0))
QuoteTemplateSettings,ShowHeaderExpirationDate,('false')
QuoteTemplateSettings,ShowDetailsToPort,('false')
QuoteTemplateSettings,HeaderTableColumn2LabelWidth,((0.0))
QuoteTemplateSettings,ShowDetailsSalesMan,('false')
QuoteTemplateSettings,PageHeaderImage1Width,((0))
QuoteTemplateSettings,ShowDetailsPickupFrom,('false')
QuoteTemplateSettings,PageFooterImage1Width,((0))
QuoteTemplateSettings,PageHeaderImage3Width,((0))
QuoteTemplateSettings,PageHeaderArea3Height,((0))
QuoteTemplateSettings,HeaderTableColumn1ValueWidth,((0.0))
QuoteTemplateSettings,ShowChargeNoteContainers,((0))
QuoteTemplateSettings,ShowChargeNotePackages,((0))
QuoteTemplateSettings,ShowDetailsConsigneeAddress,('false')
QuoteTemplateSettings,PageHeaderAreaHeight,((0))
QuoteTemplateSettings,ShowTotalInSaleCurrencyPackages,('false')
QuoteTemplateSettings,DetailsTableColumn2ValueWidth,((0.0))
QuoteTemplateSettings,ShowTitlePricingPackages,('false')
QuoteTemplateSettings,ShowTotalPerChargeGroupPackages,((0))
QuoteTemplateSettings,ShowDetailsService,('false')
QuoteTemplateSettings,ShowTotalPerChargeGroupContainers,((0))
QuoteTemplateSettings,ShowHeaderLabelsPackages,((0))
QuoteTemplateSettings,ShowHeaderLabelsContainers,((0))
QuoteTemplateSettings,SpaceLinesBeforePackages,((0))
QuoteTemplateSettings,SpaceLinesBeforeContainers,((0))
QuoteTemplateSettings,ShowChargeDescriptionContainers,((0))
QuoteTemplateSettings,ShowChargeDescriptionPackages,((0))
QuoteTemplateSettings,ShowIncludedChargesPackages,((0))
QuoteTemplateSettings,ShowIncludedChargesPerContainers,((0))
QuoteTemplateSettings,ShowIncludedChargesContainers,((0))
QuoteTemplateSettings,QuoteTemplatePDFMarginTop,((0))
QuoteTemplateSettings,QuoteTemplatePDFMarginBottom,((0))
QuoteTemplateSettings,ShowDetailsIncoterms,('false')
QuoteTemplateSettings,HeaderTableColumn2ValueWidth,((0.0))
QuoteTemplateSettings,ShowDetailsDeliveryTo,('false')
QuoteTemplateSettings,ShowDetailsShipperReferences,('false')
QuoteTemplateSettings,ShowDetailsCustomerAddress,('false')
QuoteTemplateSettings,SpaceLinesBeforeHeaders,((0))
QuoteTemplateSettings,SpaceLinesBeforeFooters,((0))
QuoteTemplateSettings,SpaceLinesBeforeQuoteDetails,((0))
QuoteTemplateSettings,SpaceLinesBeforeQuoteHeaders,((0))
QuoteTemplateSettings,ShowPageBreakBeforeTotalPerContainersTable,((0))
QuoteTemplateSettings,ShowTitleTotalPerContainersTable,((0))
QuoteTemplateSettings,SpaceLinesBeforePerContainers,((0))
TwoFactorAuthenticationDevices,IsVerified,((0))
TwoFactorAuthenticationDevices,Id,('')
ExternalReconciliationLines,Tenant,((0))
States,AutomaticLastUpdateDate,(getdate())
TaxReportStatuses,Inactive,((0))
BookingAnswers,BookingSpaceAllocationCode,('')
ExternalReconciliations,IsCancelled,((0))
APInvoiceEntities,IndexOrder,((0))
AgentTalkBackTypes,Inactive,((0))
Participants,IsDirect,((0))
Addresses,AutomaticLastUpdateDate,(getdate())
Ayman_GlobalContacts,IsUser,((0))
Ayman_GlobalContacts,InActive,((0))
Ayman_GlobalContacts,InternetAccess,((0))
ARInvoiceLines,IsExpense,((0))
ARInvoiceLines,ExchangeRateDate,(NULL)
ARInvoiceLines,VatPercentage,((0))
ARInvoiceLines,ProfitCurrencyAmount,((0))
ARInvoiceLines,IsBackToBack,((0))
Packages,InActive,((0))
TMOfficeHours,Inactive,((0))
FollowUps,DateEscalationTime,((0))
CreditLimitSettings,ShippingAgentsShipmentsBlock,((0))
CreditLimitSettings,AirlinesShipmentsBlock,((0))
CreditLimitSettings,ShipperConsigneeShipmentBlock,((0))
CreditLimitSettings,CustomsAgentsShipmentsBlock,((0))
CreditLimitSettings,ShippingLinesShipmentsBlock,((0))
CreditLimitSettings,TruckersShipmentsBlock,((0))
CreditLimitSettings,CustomersInvoicesBlock,((0))
CreditLimitSettings,WarehousesShipmentsBlock,((0))
CreditLimitSettings,VendorsShipmentsBlock,((0))
CreditLimitSettings,ShipmentCreationBlock,((0))
CreditLimitSettings,VendorsInvoicesBlock,((0))
CreditLimitSettings,WarehousesInvoicesBlock,((0))
CreditLimitSettings,TruckersInvoicesBlock,((0))
CreditLimitSettings,CustomsAgentsInvoicesBlock,((0))
CreditLimitSettings,AgentsInvoicesBlock,((0))
CreditLimitSettings,ShipperConsigneeInvoiceBlock,((0))
CreditLimitSettings,ShippingLinesInvoicesBlock,((0))
CreditLimitSettings,AirlinesInvoicesBlock,((0))
CreditLimitSettings,ShippingAgentsInvoicesBlock,((0))
CreditLimitSettings,AgentsShipmentsBlock,((0))
CreditLimitSettings,CustomersShipmentsBlock,((0))
DWHSettings,IsParentTenant,((0))
DWHSettings,AutomaticLastUpdateDate,(getdate())
CommunicationLogs,IsSecured,((0))
CommunicationLogs,Priority,((0))
CommunicationLogs,LastStatusDate,(getdate())
QuoteTemplates,IsCopiedAtSignup,((0))
QuoteTemplates,IsEnabledForCustomers,((0))
QuoteTemplates,InActive,((0))
TaxReports,NeedsRebulid,((0))
VatUniqueType,ViewOrder,((0))
AirlineStatistics,IsCancelled,((0))
AirlineStatistics,Direct,((0))
TariffSurchargesUpdates,Version,((0))
Bookings,HasErrors,((0))
Bookings,WaitingForResponse,((0))
Bookings,IsCancelled,((0))
Bookings,IsTemperatureSensitive,((0))
Bookings,HasResponse,((0))
Vessels,AutomaticLastUpdateDate,(getdate())
TariffLines,IsFromAllOtherPorts,((0))
TariffLines,IsToAllOtherPorts,((0))
TariffLines,Index,((0))
TariffLines,HasErrors,((0))
Features,IsCoreFeature,((0))
Features,Packagable,((0))
Features,IsOld,('true')
Features,IsBusinessUnitEnabled,('false')
BatchServicesLogs,WaitingItems,((0))
BatchServicesLogs,FailedItems,((0))
BatchServicesLogs,DoneItemsInOneMinute,((0))
BatchServicesLogs,DoneItemsInFiveMinutes,((0))
BatchServicesLogs,DoneItemsInOneHour,((0))